"201","9118","691","6"
"552","6586","634","9"
"774","5239","132","7"
"561","4747","917","1"
"208","3217","86","10"
"922","1151","264","4"
"983","6296","131","10"
"14","3338","8","6"
"387","5976","582","8"
"258","3285","45","4"
"178","8634","543","3"
"0","8959","87","4"
"654","9647","725","8"
"155","7956","273","7"
"679","874","734","9"
"583","6382","81","7"
"727","694","962","8"
"525","7280","306","1"
"113","8311","472","2"
"130","3265","314","1"
"114","6192","598","6"
"436","7536","40","9"
"453","7105","521","6"
"957","1797","686","4"
"730","9471","967","7"
"893","812","997","3"
"67","175","592","3"
"387","7284","498","8"
"984","8518","338","8"
"982","8567","334","3"
"179","5924","856","4"
"64","1405","884","9"
"525","6379","910","10"
"270","6312","925","1"
"33","1550","117","7"
"283","3013","925","3"
"327","7865","565","1"
"148","6515","361","5"
"581","4994","202","9"
"639","4555","514","7"
"77","1880","974","10"
"964","8468","612","1"
"688","4541","661","8"
"575","7630","887","1"
"607","1975","348","1"
"517","2604","120","7"
"91","9781","579","2"
"646","3297","143","10"
"27","1325","105","7"
"468","9535","887","9"
"654","6803","981","1"
"627","1356","261","5"
"376","9887","390","2"
"330","1988","526","5"
"75","7475","363","10"
"116","580","939","7"
"653","8383","552","8"
"729","1943","447","9"
"43","2808","561","5"
"527","5576","915","7"
"492","9749","373","3"
"205","2764","340","10"
"408","289","39","8"
"200","5880","173","1"
"106","6055","249","1"
"644","7709","157","4"
"887","7373","362","6"
"652","9949","933","10"
"973","9116","982","10"
"619","9219","47","2"
"873","7334","132","5"
"123","8360","105","2"
"632","8430","80","3"
"909","6073","420","6"
"889","4933","906","3"
"1","6517","129","2"
"296","7687","127","2"
"535","6150","347","3"
"420","3194","872","4"
"381","1190","4","5"
"55","6869","203","8"
"222","1657","929","6"
"813","2016","587","7"
"910","8","813","7"
"446","914","890","5"
"104","913","250","7"
"643","4106","441","8"
"572","8460","872","2"
"851","9266","745","3"
"75","4994","176","2"
"717","7894","649","2"
"344","7601","261","5"
"461","3399","312","6"
"39","2716","835","7"
"257","9042","176","9"
"124","8173","424","2"
"995","4347","239","4"
"174","7495","504","2"
"575","4604","266","2"
"281","6441","749","2"
"74","2572","456","3"
"449","2553","170","8"
"923","1845","343","4"
"986","7996","623","6"
"24","1279","296","3"
"197","7738","242","7"
"286","7500","323","8"
"738","6447","982","4"
"932","7280","322","9"
"857","6663","382","9"
"661","1301","931","4"
"139","4344","512","1"
"869","7884","687","8"
"629","203","597","8"
"66","1228","159","9"
"224","9670","238","8"
"865","272","927","1"
"950","1357","519","6"
"533","5672","779","6"
"646","7284","940","4"
"777","9131","22","5"
"951","4469","844","2"
"856","3196","837","9"
"695","9050","851","10"
"977","5290","211","7"
"642","2793","878","9"
"26","2853","88","2"
"7","4051","224","4"
"313","5220","754","3"
"535","2573","697","8"
"869","8405","162","8"
"638","1949","191","1"
"647","2011","11","10"
"227","4760","549","1"
"858","5624","883","7"
"403","6437","631","10"
"691","3338","471","8"
"305","3944","275","10"
"404","2149","611","8"
"592","7128","423","4"
"789","8301","10","6"
"31","6926","837","3"
"213","7241","111","2"
"439","1616","490","2"
"929","3141","438","5"
"430","5634","260","8"
"45","4795","76","7"
"405","9328","754","8"
"639","590","131","1"
"474","7191","692","6"
"2","8862","373","6"
"965","3077","417","3"
"955","8217","846","3"
"205","8768","762","10"
"351","5839","261","7"
"743","5576","930","7"
"608","4718","366","3"
"422","3485","684","6"
"425","7223","142","2"
"5","241","429","5"
"140","7198","587","1"
"608","6562","725","9"
"654","1025","29","7"
"275","6484","497","5"
"344","1155","229","8"
"562","7056","882","3"
"177","892","889","3"
"925","8611","848","4"
"16","409","278","5"
"812","1767","678","4"
"194","3104","512","7"
"937","7621","320","5"
"565","6986","791","9"
"912","322","903","8"
"86","3163","59","2"
"549","1615","938","1"
"96","5029","28","9"
"701","4701","880","4"
"312","7357","240","3"
"190","3384","23","1"
"923","7911","763","7"
"327","230","773","4"
"366","4890","363","1"
"227","6608","651","8"
"408","3442","48","6"
"241","318","255","10"
"699","58","384","9"
"251","8860","26","5"
"487","4676","909","10"
"602","1970","335","9"
"373","6503","547","9"
"783","5524","445","8"
"813","5242","70","2"
"809","3892","800","8"
"295","282","604","10"
"956","1797","19","3"
"87","7409","787","3"
"438","5684","766","1"
"455","3477","963","2"
"652","1163","227","8"
"730","3817","922","10"
"300","4299","119","4"
"220","8452","332","1"
"155","4486","932","5"
"289","941","265","10"
"632","8223","312","8"
"603","6854","69","5"
"395","4827","412","9"
"597","2925","236","3"
"493","1772","995","5"
"216","9950","275","4"
"878","314","28","8"
"980","5596","641","3"
"878","2856","30","7"
"772","3894","881","3"
"541","1386","717","1"
"260","2276","245","3"
"533","4645","236","5"
"41","8103","571","9"
"952","1","901","8"
"769","9143","759","3"
"446","1235","459","6"
"186","1693","454","7"
"38","467","959","3"
"836","5276","427","3"
"365","3004","686","9"
"372","5670","383","7"
"180","8285","228","2"
"873","545","435","4"
"590","7969","243","10"
"299","7658","59","2"
"239","9519","277","5"
"467","6299","926","8"
"289","3622","137","3"
"117","4296","439","4"
"964","3878","701","9"
"333","1041","367","9"
"377","1691","69","4"
"297","1102","28","7"
"833","5421","983","9"
"653","5441","218","3"
"554","3533","561","1"
"914","4315","809","2"
"941","5062","730","2"
"311","6944","12","1"
"635","4503","364","10"
"749","8949","360","3"
"748","217","826","5"
"698","572","321","6"
"979","7449","734","8"
"169","4181","155","7"
"556","9546","435","3"
"234","9833","146","9"
"388","9488","89","6"
"542","9595","344","6"
"925","1611","192","7"
"619","6477","217","8"
"856","6118","480","3"
"691","4947","950","7"
"596","1216","552","8"
"181","1279","889","1"
"965","9140","399","8"
"802","5529","124","8"
"172","3200","225","5"
"538","2405","764","4"
"62","5684","905","1"
"979","8747","228","5"
"824","6578","725","8"
"499","4423","157","4"
"911","5886","573","9"
"927","4856","504","8"
"492","1613","883","1"
"959","7698","16","8"
"796","4391","232","3"
"800","8568","101","2"
"656","1445","353","5"
"489","2894","81","5"
"549","1561","628","9"
"433","4578","374","4"
"64","1020","947","3"
"699","6703","397","1"
"469","4334","19","2"
"817","8574","103","5"
"428","7141","763","4"
"17","879","638","3"
"107","7031","486","4"
"306","5141","329","8"
"883","7990","825","1"
"851","837","43","6"
"539","7060","363","10"
"829","1496","948","1"
"122","4536","104","1"
"553","3867","920","3"
"157","2528","931","8"
"398","7154","879","2"
"492","846","618","8"
"528","5363","192","9"
"506","7745","923","2"
"983","5444","335","10"
"667","6214","388","5"
"869","1612","50","9"
"582","1102","405","7"
"698","2221","810","10"
"636","3293","156","10"
"585","5204","367","9"
"417","4421","254","7"
"250","6373","790","5"
"338","7532","548","3"
"925","7839","372","4"
"550","1291","503","10"
"126","2066","708","1"
"191","2169","351","10"
"248","475","206","6"
"638","1420","859","2"
"105","1202","663","8"
"39","4384","706","3"
"932","95","930","9"
"640","2954","379","9"
"40","8004","668","10"
"208","6276","66","6"
"932","4065","49","4"
"982","9719","11","1"
"241","7902","496","9"
"756","6491","498","3"
"337","7220","167","4"
"134","4561","849","10"
"230","28","696","3"
"241","2010","179","5"
"400","4001","589","7"
"851","3814","455","8"
"232","1568","617","2"
"658","5533","216","8"
"870","4872","649","8"
"108","7528","658","8"
"188","7001","752","1"
"602","3880","622","7"
"755","4147","49","9"
"101","1611","467","8"
"314","8228","731","2"
"374","3721","724","2"
"157","8416","196","9"
"328","157","816","8"
"695","7657","585","9"
"21","1356","439","9"
"789","3237","331","6"
"377","3239","774","5"
"646","5864","823","4"
"267","223","700","1"
"80","2351","900","4"
"997","6729","259","4"
"196","9145","228","8"
"793","9456","674","2"
"771","1710","249","10"
"869","4445","451","6"
"390","404","641","7"
"226","4351","767","6"
"759","7769","660","4"
"285","1126","374","3"
"63","2976","47","6"
"884","1759","830","8"
"567","5434","530","6"
"349","6577","840","2"
"627","2066","980","4"
"776","3200","766","4"
"743","376","95","6"
"229","9631","511","7"
"641","4349","510","6"
"158","7130","399","5"
"916","7264","591","9"
"188","679","149","4"
"957","9968","620","9"
"702","679","55","1"
"984","330","547","4"
"123","15","757","5"
"257","184","101","5"
"801","7813","616","4"
"612","3144","782","1"
"847","7473","654","9"
"645","3203","844","5"
"232","8755","337","5"
"494","292","8","2"
"858","9055","977","10"
"972","5606","476","10"
"174","933","664","8"
"969","4992","544","5"
"493","9135","149","7"
"92","8026","392","2"
"56","7909","1","6"
"441","9654","444","5"
"511","7895","437","3"
"116","113","312","8"
"469","5689","915","5"
"674","4805","136","2"
"996","6974","781","10"
"581","5533","6","9"
"191","6827","633","2"
"402","5597","349","2"
"305","5956","993","8"
"263","8590","1","2"
"888","7996","629","1"
"173","4642","451","5"
"691","942","722","5"
"485","6628","133","1"
"109","9917","398","2"
"954","8603","497","4"
"909","8497","343","3"
"386","5296","407","6"
"420","6900","457","8"
"161","5853","767","1"
"369","6340","567","3"
"779","1025","806","3"
"501","2929","544","3"
"687","5799","381","7"
"617","8811","989","6"
"859","5553","817","2"
"185","2365","174","1"
"455","1200","785","2"
"781","8958","598","3"
"48","6662","471","4"
"493","9274","89","10"
"619","6543","578","5"
"272","6003","748","2"
"699","446","266","8"
"487","60","951","9"
"442","7268","128","4"
"319","1073","148","1"
"820","7773","782","6"
"353","3766","183","6"
"931","6243","502","7"
"661","7014","72","4"
"216","9093","379","6"
"961","1915","757","2"
"306","5407","610","9"
"337","7704","174","1"
"756","9949","816","2"
"91","4236","0","7"
"576","8482","386","10"
"200","6595","450","7"
"914","336","891","7"
"968","85","367","9"
"900","5695","619","10"
"410","6840","515","10"
"375","7238","591","9"
"331","2076","444","3"
"409","8857","465","9"
"843","3600","368","3"
"31","4567","255","7"
"535","6600","367","1"
"305","2491","973","3"
"166","3167","190","7"
"362","8019","958","8"
"400","2298","802","10"
"525","5037","139","1"
"244","7688","420","9"
"492","1868","601","9"
"372","407","393","4"
"868","1736","989","6"
"671","6582","99","6"
"304","8382","767","2"
"805","9704","140","10"
"792","6614","644","3"
"502","8290","315","7"
"147","3934","711","7"
"277","4266","26","5"
"201","6263","855","5"
"473","6358","790","8"
"919","8358","598","10"
"494","4703","41","8"
"258","7594","350","1"
"156","3271","32","10"
"497","7050","931","7"
"567","1515","471","2"
"930","5143","419","9"
"91","4029","116","4"
"65","3931","20","4"
"300","4431","943","1"
"359","6756","99","2"
"714","9504","324","4"
"604","3909","9","5"
"337","5176","536","5"
"962","8575","685","3"
"788","3530","821","4"
"822","3389","496","7"
"276","9728","883","7"
"29","8163","925","8"
"223","7996","360","6"
"258","1183","261","5"
"78","5091","663","3"
"339","3192","297","3"
"869","118","236","4"
"455","6059","433","8"
"582","5208","411","7"
"649","6929","463","4"
"868","4215","40","3"
"946","6006","531","4"
"296","4518","908","2"
"901","4618","668","6"
"534","6017","988","8"
"776","3062","781","7"
"496","817","458","4"
"290","6280","193","9"
"222","7735","499","9"
"681","1576","443","4"
"466","4143","359","10"
"932","6742","972","1"
"426","8601","255","3"
"925","9750","269","9"
"169","8108","593","1"
"588","1410","910","2"
"718","4896","871","4"
"30","9238","313","6"
"566","7505","622","10"
"276","4575","899","3"
"255","1548","320","6"
"135","6824","89","7"
"525","5021","693","6"
"903","6178","213","3"
"235","9250","655","8"
"531","2047","703","1"
"256","6889","588","5"
"170","9296","929","4"
"390","1352","905","3"
"7","2792","949","3"
"532","3907","715","6"
"230","4712","997","5"
"788","801","618","3"
"404","1127","708","8"
"200","1619","61","10"
"969","6998","41","2"
"369","2396","473","10"
"769","5276","367","9"
"216","6251","145","9"
"233","4376","836","6"
"800","5310","769","3"
"979","1102","963","7"
"176","3321","59","6"
"578","4448","44","6"
"712","4562","766","5"
"889","5299","640","10"
"319","958","982","1"
"343","8812","173","3"
"632","2145","597","9"
"952","4300","135","5"
"122","2356","573","5"
"824","5169","611","2"
"713","861","808","8"
"972","5062","929","7"
"268","7732","249","3"
"803","4654","254","3"
"784","278","134","5"
"462","5335","226","10"
"514","1076","127","9"
"679","6130","553","4"
"745","5852","853","6"
"30","551","700","8"
"17","1905","605","4"
"376","300","774","10"
"837","9000","42","8"
"460","8456","420","1"
"708","9796","372","2"
"33","4207","970","10"
"365","5296","200","1"
"506","6578","172","5"
"233","8644","260","5"
"72","483","800","8"
"67","8525","718","8"
"101","5497","175","1"
"825","2708","836","2"
"771","2772","402","6"
"481","3760","293","2"
"789","8300","287","7"
"89","8784","581","10"
"957","7709","852","5"
"823","5940","895","6"
"903","8348","729","9"
"726","9216","798","2"
"819","1851","326","5"
"235","8829","975","7"
"952","1573","641","8"
"802","8426","606","8"
"722","1771","394","9"
"772","4247","616","9"
"905","1115","415","1"
"216","5566","756","7"
"18","8742","79","3"
"570","6733","457","2"
"417","9354","222","5"
"570","3082","381","8"
"348","5259","479","7"
"670","3094","649","9"
"926","6644","937","6"
"703","8739","752","8"
"34","8867","553","1"
"287","8290","750","5"
"573","1225","284","6"
"684","5336","107","1"
"680","7980","347","5"
"485","4762","859","6"
"254","5329","939","6"
"4","4677","946","4"
"163","4017","61","8"
"921","4849","556","4"
"253","2343","218","3"
"141","5861","900","7"
"351","6258","428","3"
"48","425","155","6"
"317","6430","178","4"
"533","278","806","10"
"448","8686","854","1"
"777","1811","101","7"
"912","2551","389","5"
"549","1234","781","2"
"94","3115","595","4"
"178","6864","902","2"
"753","5096","144","5"
"698","4529","124","10"
"174","1615","126","8"
"257","9554","240","5"
"740","5393","721","1"
"597","7449","370","2"
"833","5525","891","1"
"518","6978","878","2"
"438","2802","890","7"
"321","9583","291","8"
"608","1042","739","5"
"452","4446","288","3"
"327","6600","216","3"
"517","6132","947","9"
"169","111","354","3"
"75","4966","874","4"
"428","7536","309","7"
"256","9637","601","2"
"732","2920","760","9"
"869","1631","405","3"
"75","7360","926","8"
"256","3048","76","8"
"32","9817","943","4"
"588","4339","668","7"
"661","1422","856","5"
"738","1823","532","10"
"797","1392","401","9"
"784","9891","323","10"
"166","828","642","2"
"565","5790","26","3"
"631","8618","186","3"
"844","9403","547","7"
"808","9663","331","4"
"356","5045","494","5"
"28","9916","797","6"
"590","6729","293","1"
"25","4987","293","1"
"46","1814","34","8"
"736","5552","655","3"
"275","6415","22","3"
"229","8726","375","1"
"48","7629","126","2"
"617","9044","361","3"
"713","3275","454","7"
"800","6870","55","4"
"919","4602","206","6"
"157","4566","854","4"
"820","9680","381","1"
"697","9391","579","8"
"204","8285","334","10"
"576","9206","815","2"
"241","5548","283","5"
"146","2130","809","6"
"907","8292","566","5"
"127","9204","469","1"
"875","5348","831","5"
"584","2727","421","9"
"35","6485","509","10"
"290","7984","568","7"
"133","2948","637","1"
"673","1464","779","3"
"260","5555","648","5"
"363","4581","834","4"
"67","4682","106","7"
"596","2507","93","1"
"838","902","823","3"
"40","2042","397","3"
"239","7438","930","1"
"703","6870","800","4"
"251","1697","770","7"
"436","9680","740","7"
"593","9972","427","6"
"266","5103","229","9"
"515","6559","920","7"
"185","2183","64","6"
"866","4576","776","2"
"195","5904","956","7"
"530","5426","175","4"
"167","8731","944","6"
"852","9578","263","4"
"500","5734","298","6"
"161","7951","959","6"
"535","1758","149","6"
"249","5572","759","2"
"967","9468","327","3"
"983","7729","79","10"
"750","7758","508","3"
"102","6023","996","9"
"785","3221","626","7"
"582","9612","120","10"
"6","1905","582","10"
"426","2630","424","9"
"23","9497","275","4"
"393","2665","573","3"
"614","6456","803","6"
"554","6296","501","3"
"121","7476","219","9"
"468","9000","999","3"
"298","8169","961","2"
"927","8854","276","9"
"668","7918","999","4"
"427","6763","608","10"
"563","3301","148","5"
"74","3670","880","10"
"579","4604","441","9"
"862","8031","82","4"
"215","8816","158","2"
"95","9099","801","8"
"283","8608","841","4"
"984","2799","632","3"
"563","5746","296","8"
"461","5957","138","5"
"781","1032","172","1"
"735","8315","935","8"
"962","9044","875","5"
"191","6756","19","7"
"316","2517","146","7"
"156","2220","542","3"
"77","8923","445","6"
"570","4531","107","2"
"785","971","591","8"
"897","9534","205","4"
"16","744","797","8"
"275","1194","866","7"
"884","9116","706","4"
"287","4432","348","2"
"650","1680","80","1"
"616","1758","388","9"
"440","6963","105","10"
"772","3406","235","6"
"849","5116","941","1"
"778","8482","8","1"
"610","6985","792","2"
"210","527","492","8"
"849","5594","747","1"
"829","515","344","6"
"57","3040","848","1"
"916","1608","931","1"
"344","9258","907","3"
"170","8682","365","1"
"667","5775","493","7"
"869","8770","553","7"
"774","5157","990","8"
"589","5265","0","7"
"399","714","834","3"
"854","2950","553","10"
"753","1742","661","5"
"99","8775","155","1"
"0","7278","233","2"
"617","3822","146","1"
"638","6412","684","6"
"495","3355","53","8"
"317","7487","738","6"
"679","4926","202","7"
"144","4464","864","4"
"322","1233","851","9"
"401","5716","403","7"
"954","9971","165","1"
"350","456","264","9"
"561","1096","406","4"
"715","6876","591","7"
"952","5426","16","7"
"323","3641","783","9"
"917","6172","322","1"
"547","8414","139","7"
"180","5027","871","4"
"819","85","588","5"
"876","9243","88","5"
"34","219","929","1"
"46","4593","797","9"
"189","9023","889","7"
"413","2512","981","2"
"445","2339","624","6"
"687","4309","297","2"
"969","3023","577","6"
"130","4837","717","7"
"940","7758","934","7"
"53","7585","241","3"
"500","2534","264","1"
"581","9798","894","2"
"690","1411","732","4"
"123","7655","494","5"
"117","9454","790","1"
"978","8666","866","2"
"888","2016","525","6"
"425","2861","634","2"
"807","7916","686","8"
"590","6131","693","5"
"978","6374","236","8"
"853","158","32","9"
"472","4424","516","3"
"376","5805","194","8"
"511","5837","479","9"
"463","313","714","9"
"74","7060","50","6"
"119","533","729","1"
"262","6712","630","4"
"308","8337","441","4"
"565","2214","233","9"
"543","9296","989","6"
"928","5141","204","3"
"964","3247","537","7"
"954","1555","374","7"
"466","8544","490","8"
"772","2435","190","9"
"837","3707","752","6"
"881","5958","964","5"
"372","4844","681","6"
"773","4569","573","2"
"184","6765","57","6"
"293","9768","205","8"
"104","2411","382","1"
"358","6052","259","3"
"828","7534","930","2"
"786","8297","544","8"
"647","7793","900","5"
"647","9413","698","5"
"829","3710","754","6"
"1","3645","862","5"
"617","9381","751","7"
"526","7495","182","1"
"459","1939","568","8"
"749","2106","624","9"
"569","4199","527","6"
"657","3962","823","8"
"929","5220","580","3"
"507","8531","423","6"
"806","278","968","6"
"570","4371","349","5"
"631","6670","902","5"
"891","2010","973","2"
"399","1683","215","9"
"89","8025","5","8"
"377","9168","319","5"
"652","2112","175","1"
"321","673","288","10"
"187","3156","586","10"
"316","5856","624","3"
"553","9726","711","5"
"629","3833","21","10"
"536","536","547","7"
"4","4167","460","1"
"321","7308","690","4"
"713","3738","467","9"
"522","3367","11","10"
"808","2335","278","5"
"53","4851","522","1"
"634","4885","861","6"
"820","9807","95","3"
"532","4646","477","9"
"989","5582","451","3"
"248","8237","575","8"
"87","2851","20","10"
"210","4494","552","5"
"608","6584","950","3"
"153","8174","434","7"
"167","9510","121","3"
"46","9194","512","8"
"668","3463","779","6"
"688","338","643","1"
"138","9561","27","5"
"916","1991","63","9"
"901","2978","360","7"
"656","1070","8","4"
"296","8878","876","4"
"836","2693","512","7"
"408","7774","706","9"
"518","511","919","3"
"833","9909","595","3"
"253","7294","454","10"
"216","2309","756","8"
"923","4634","223","7"
"669","3405","249","2"
"938","8633","530","6"
"206","8729","201","2"
"416","172","937","9"
"589","411","649","8"
"200","6876","226","1"
"147","4299","845","8"
"881","7220","438","2"
"523","8646","79","10"
"881","5882","612","2"
"572","151","394","4"
"517","9860","841","4"
"691","5046","879","8"
"652","461","182","1"
"614","8518","700","10"
"865","2221","686","8"
"880","1456","729","9"
"827","6700","866","3"
"270","6257","677","8"
"341","7316","449","7"
"824","2011","227","4"
"175","9183","442","9"
"527","2065","156","2"
"171","2059","975","8"
"537","9021","692","10"
"48","5875","363","2"
"21","6353","410","3"
"292","3433","376","6"
"249","8169","571","2"
"109","2219","579","1"
"37","426","984","7"
"179","9318","158","6"
"849","5194","550","5"
"922","4185","232","1"
"249","6517","889","9"
"594","1515","673","1"
"144","8925","480","10"
"758","3155","897","10"
"22","5059","651","7"
"689","2044","266","3"
"650","4562","922","1"
"489","5953","19","3"
"324","3407","460","8"
"467","5075","558","2"
"628","6616","585","9"
"87","676","702","2"
"874","9761","717","5"
"298","6661","90","6"
"370","4386","5","2"
"655","2136","51","6"
"910","4281","87","3"
"317","3472","262","8"
"921","7410","516","5"
"206","8766","176","10"
"569","6560","366","7"
"587","3249","793","1"
"555","3721","671","7"
"214","7725","808","5"
"454","2648","917","4"
"582","2000","353","4"
"773","4669","333","8"
"414","4732","242","4"
"285","2014","902","8"
"302","1945","528","7"
"251","2701","953","10"
"608","8448","366","3"
"462","3658","206","9"
"47","9279","300","10"
"699","7045","280","5"
"316","4324","139","8"
"144","830","714","7"
"718","1287","851","7"
"610","620","435","5"
"901","5488","555","2"
"259","9840","539","9"
"72","2583","104","6"
"447","517","401","7"
"787","9915","973","1"
"302","3883","637","5"
"14","4252","666","3"
"873","6199","3","3"
"500","371","890","5"
"937","100","833","2"
"743","4316","627","7"
"866","1347","996","7"
"32","4271","619","7"
"374","5447","586","3"
"887","5318","94","8"
"476","315","449","1"
"436","3789","417","9"
"678","7813","556","4"
"458","9308","805","7"
"612","8534","309","7"
"117","529","449","5"
"505","9534","603","8"
"901","2940","675","5"
"140","4432","662","10"
"929","8703","572","1"
"9","4262","705","8"
"179","2258","482","8"
"971","2815","895","7"
"395","9562","290","5"
"36","7047","238","3"
"236","9110","839","2"
"385","8036","992","1"
"205","9936","197","10"
"818","9780","99","3"
"403","7469","254","3"
"426","5940","701","8"
"632","1449","62","3"
"784","4305","123","1"
"699","7588","874","7"
"346","3725","86","1"
"187","4978","646","1"
"805","3862","430","9"
"668","1381","143","4"
"718","1858","712","5"
"904","4203","646","6"
"36","7895","606","6"
"819","9318","897","1"
"53","7271","568","2"
"503","8306","908","10"
"473","5158","347","7"
"910","902","99","2"
"339","3746","548","4"
"490","9732","907","10"
"771","8847","692","3"
"477","4068","547","4"
"992","5206","680","5"
"971","3207","937","5"
"274","4278","563","10"
"697","3937","776","9"
"881","3485","454","4"
"801","8927","804","7"
"695","6064","140","10"
"583","3518","45","1"
"867","5494","132","7"
"495","9261","875","7"
"237","1858","511","10"
"402","9823","854","10"
"321","1069","668","1"
"852","9480","793","4"
"720","2757","661","2"
"561","7869","273","5"
"965","434","303","6"
"878","6602","352","8"
"996","3888","652","9"
"195","3935","941","10"
"41","6515","226","10"
"263","2806","121","5"
"404","1230","174","1"
"420","7495","776","2"
"381","9264","93","8"
"737","6422","657","8"
"437","3721","923","9"
"310","9598","339","1"
"137","7501","44","3"
"687","9094","659","9"
"452","5671","866","4"
"597","2628","428","3"
"384","6526","286","5"
"927","298","580","9"
"531","3970","920","10"
"940","3420","651","7"
"763","2784","431","1"
"46","1095","620","5"
"465","9701","728","3"
"753","8524","765","10"
"268","7244","110","7"
"700","1200","217","7"
"888","893","817","3"
"932","2476","964","4"
"728","475","490","2"
"272","602","397","1"
"914","2920","921","5"
"354","657","621","4"
"644","9204","434","3"
"749","1280","201","10"
"53","8072","969","5"
"625","5894","617","5"
"768","2444","203","2"
"592","9468","262","6"
"112","8260","713","6"
"80","2260","687","3"
"857","5917","955","5"
"187","9146","359","9"
"285","4424","917","9"
"457","4097","383","4"
"860","7833","927","2"
"494","8626","177","4"
"571","673","546","5"
"430","3529","292","10"
"255","5588","293","6"
"278","230","878","2"
"884","371","296","9"
"923","3192","309","3"
"54","4992","95","10"
"586","6295","5","1"
"803","8277","324","7"
"367","2514","130","3"
"760","7519","456","2"
"668","5694","870","3"
"860","1885","500","5"
"35","8680","482","8"
"760","4070","379","5"
"534","5774","92","10"
"303","115","85","3"
"623","9343","286","6"
"614","6372","613","10"
"276","2841","526","6"
"799","145","656","7"
"589","4691","616","3"
"820","869","953","3"
"239","2737","810","4"
"484","8162","441","5"
"85","4791","263","7"
"499","5624","783","4"
"545","7279","192","10"
"553","8797","970","5"
"37","5522","755","5"
"265","2684","422","4"
"239","7823","493","1"
"447","5275","38","10"
"478","7989","653","8"
"276","2894","253","9"
"27","7630","301","2"
"693","5960","846","1"
"822","6405","478","2"
"148","9626","401","2"
"511","1149","560","5"
"938","8807","329","5"
"689","6467","146","2"
"448","8274","890","6"
"390","4271","169","8"
"627","7938","432","4"
"214","8258","401","4"
"286","9049","902","9"
"655","5367","156","6"
"412","2884","881","8"
"544","9903","532","5"
"687","5602","397","4"
"120","773","140","5"
"265","8301","613","8"
"627","4964","368","10"
"784","7092","876","8"
"928","9800","381","5"
"736","4996","354","7"
"562","6745","320","8"
"636","719","57","5"
"487","8169","392","9"
"887","3903","367","4"
"365","9641","476","7"
"726","354","563","3"
"369","319","60","10"
"806","370","437","5"
"511","9643","432","6"
"256","7566","62","7"
"276","5713","180","10"
"232","7077","518","8"
"202","610","645","4"
"575","1442","623","6"
"787","2017","498","1"
"410","187","257","2"
"949","9860","766","9"
"240","9708","785","8"
"908","1720","655","7"
"249","8865","673","4"
"494","6015","724","2"
"532","3203","237","10"
"525","8307","211","1"
"21","2936","279","8"
"416","4054","130","6"
"627","8969","14","5"
"847","9743","933","1"
"251","3757","592","9"
"671","259","512","2"
"57","1918","198","4"
"55","6730","354","5"
"388","7962","137","8"
"699","1938","460","10"
"588","3753","802","5"
"968","7123","50","2"
"240","5836","974","3"
"135","4588","679","7"
"459","1259","851","8"
"21","1442","376","8"
"193","1190","4","6"
"295","5566","426","9"
"708","2647","542","5"
"334","6510","543","8"
"314","3275","771","10"
"515","2301","630","9"
"696","1734","340","3"
"839","9446","696","10"
"813","9781","713","3"
"223","5341","161","1"
"358","578","208","10"
"979","2169","687","3"
"821","9685","283","3"
"191","747","776","9"
"169","307","366","2"
"297","9824","627","2"
"653","9321","174","6"
"785","1765","547","10"
"671","5520","213","8"
"683","7261","491","7"
"550","1944","612","6"
"39","3044","585","6"
"44","5158","441","9"
"285","96","62","7"
"909","184","724","2"
"546","332","756","7"
"748","6579","672","8"
"133","6629","978","5"
"901","2968","956","5"
"775","9846","358","2"
"861","9745","487","4"
"776","4411","502","2"
"174","6137","795","8"
"970","461","853","6"
"290","2748","426","8"
"551","4940","115","3"
"656","2856","82","3"
"467","6684","93","3"
"871","5815","719","3"
"744","7878","769","5"
"519","4483","909","1"
"894","4286","87","1"
"185","4777","737","5"
"971","6065","105","10"
"132","5971","91","5"
"720","1071","962","6"
"933","2716","35","2"
"237","4796","42","6"
"278","1681","501","7"
"797","1794","504","10"
"964","7581","877","5"
"447","2594","636","4"
"500","3132","202","1"
"196","9702","45","8"
"36","1606","722","9"
"294","4285","227","10"
"96","7537","457","3"
"312","6176","343","6"
"769","1713","508","7"
"765","3703","222","7"
"913","7830","899","9"
"519","3731","793","4"
"392","4316","419","8"
"931","463","736","4"
"70","2006","712","1"
"665","760","690","5"
"88","7562","566","8"
"653","3472","19","5"
"154","7951","745","6"
"702","9370","135","3"
"541","3379","487","1"
"207","4818","936","8"
"154","6629","956","3"
"958","5034","609","1"
"710","7430","309","2"
"186","1100","714","6"
"542","1219","617","8"
"73","8010","405","9"
"939","3025","889","4"
"124","6888","729","9"
"820","8589","337","5"
"452","7155","44","6"
"985","6798","219","2"
"475","1838","509","6"
"139","6436","181","6"
"355","9270","855","1"
"896","4649","616","5"
"84","5302","747","10"
"433","7783","696","9"
"566","8560","453","9"
"356","9123","28","1"
"988","7505","201","4"
"526","7370","256","1"
"200","335","161","10"
"581","9405","612","1"
"376","7656","301","8"
"343","352","60","7"
"63","5228","553","7"
"911","3336","587","6"
"812","3775","743","5"
"930","1554","71","9"
"851","3488","877","5"
"238","7136","427","10"
"998","3387","744","8"
"473","3113","295","2"
"927","575","889","3"
"643","7881","806","6"
"957","2987","362","1"
"909","5316","296","9"
"570","24","332","6"
"284","4764","238","2"
"707","2966","144","7"
"77","2046","728","3"
"412","5746","433","6"
"869","2945","779","1"
"794","1249","436","8"
"180","9357","118","6"
"615","5070","221","3"
"463","4335","465","9"
"423","678","713","4"
"872","6186","526","6"
"142","5551","554","4"
"720","7294","813","8"
"773","1121","447","1"
"918","865","800","1"
"65","6889","54","2"
"697","1903","691","9"
"517","9157","271","6"
"241","9895","395","6"
"669","1680","664","8"
"109","8088","343","4"
"926","9121","545","7"
"785","6089","460","8"
"753","9555","816","10"
"989","7037","833","5"
"719","6540","940","4"
"664","7018","756","7"
"693","1430","348","9"
"942","1745","821","1"
"92","6558","909","5"
"410","6186","709","3"
"468","1585","85","5"
"92","3660","352","8"
"915","7014","752","7"
"960","2358","763","2"
"137","8294","40","2"
"284","9378","88","10"
"185","9531","387","2"
"454","6798","899","5"
"192","8836","379","8"
"411","2995","830","4"
"489","8834","995","2"
"385","2234","403","3"
"173","1839","331","1"
"934","1729","662","3"
"725","9367","343","3"
"877","7915","759","10"
"501","2287","199","3"
"167","1831","261","1"
"145","7996","90","3"
"444","9995","464","4"
"700","1777","722","8"
"150","3276","255","2"
"460","6336","146","1"
"136","2926","316","10"
"141","3465","667","8"
"579","6112","247","6"
"488","1150","728","5"
"592","7023","213","10"
"159","6845","342","6"
"557","7","951","3"
"339","6210","126","9"
"148","1896","873","8"
"973","4504","208","1"
"186","9331","819","9"
"865","3950","403","1"
"881","118","150","10"
"772","9955","486","7"
"477","5066","136","6"
"831","1444","249","3"
"908","9141","6","10"
"658","8932","533","4"
"474","4832","39","7"
"176","4339","937","7"
"468","9976","533","9"
"508","4703","711","10"
"754","9583","280","5"
"852","8147","962","4"
"42","4021","682","6"
"873","909","254","10"
"766","2781","193","8"
"972","5642","487","9"
"756","1683","287","4"
"781","4285","578","5"
"853","3293","915","5"
"995","1295","602","5"
"862","5018","454","7"
"304","9727","564","6"
"339","630","436","3"
"723","7813","969","10"
"362","8572","4","2"
"558","3525","539","10"
"681","204","282","7"
"595","2821","72","4"
"935","2899","442","2"
"335","8282","251","4"
"757","5408","227","1"
"384","2288","41","4"
"928","9983","262","8"
"664","6176","747","10"
"510","3465","166","5"
"254","973","276","8"
"264","1105","284","1"
"915","3271","691","3"
"90","8163","494","1"
"561","4041","18","2"
"779","9088","370","1"
"807","2436","381","6"
"994","3451","690","8"
"391","8190","812","7"
"56","1868","54","3"
"508","8789","122","9"
"437","6298","56","8"
"259","6229","13","8"
"753","3339","914","3"
"678","2802","145","1"
"351","209","411","1"
"627","10","723","9"
"818","92","427","8"
"390","1011","259","9"
"924","4350","929","1"
"263","3187","161","6"
"80","2480","99","4"
"788","2907","133","6"
"568","1542","108","6"
"769","3849","40","4"
"546","1678","554","9"
"790","4662","117","2"
"751","8374","698","10"
"492","7464","799","3"
"710","4217","847","3"
"323","4490","231","6"
"967","427","221","5"
"742","7878","797","4"
"788","6442","661","1"
"326","5430","888","5"
"485","4501","374","1"
"352","1576","539","10"
"799","4035","316","2"
"496","6853","653","8"
"360","7770","514","2"
"892","591","259","10"
"585","3725","738","10"
"462","7722","228","8"
"37","3771","508","1"
"908","8818","222","6"
"296","6646","837","9"
"280","6503","835","3"
"201","6594","264","10"
"745","6377","440","10"
"541","7200","339","3"
"406","3487","283","6"
"151","1661","323","8"
"509","1386","435","2"
"712","6959","942","1"
"931","1809","203","5"
"209","990","739","9"
"45","6815","458","8"
"983","8692","829","5"
"930","3631","842","6"
"534","37","130","1"
"857","4490","994","3"
"740","3686","635","1"
"618","499","355","2"
"92","2483","840","5"
"262","3281","934","8"
"532","9101","951","6"
"809","7028","616","6"
"293","6628","251","9"
"763","2892","642","10"
"85","7611","848","7"
"674","5131","828","5"
"192","5984","808","4"
"699","4622","700","5"
"173","3568","939","1"
"454","4486","407","9"
"32","9002","952","9"
"292","9619","557","8"
"584","9732","859","6"
"390","9697","483","5"
"551","8492","191","1"
"228","5146","886","9"
"379","8207","951","2"
"405","9929","879","3"
"306","9212","110","7"
"119","2463","90","7"
"772","8413","710","5"
"773","1006","536","10"
"107","5382","824","10"
"824","6798","238","10"
"274","615","695","2"
"734","6878","110","8"
"36","9047","655","1"
"137","6541","841","8"
"472","533","624","3"
"687","1427","151","10"
"49","7800","111","1"
"713","9143","847","1"
"659","2570","647","2"
"336","1916","769","9"
"629","960","902","9"
"329","2063","3","10"
"838","4562","585","4"
"126","2309","494","4"
"934","9219","933","6"
"856","9097","269","3"
"550","7098","76","2"
"950","86","78","4"
"582","7513","874","3"
"289","577","242","8"
"893","3814","713","5"
"975","1105","938","6"
"204","1428","485","6"
"913","2228","71","8"
"760","2635","783","8"
"689","4220","85","5"
"634","564","613","2"
"524","4523","740","3"
"679","3806","874","8"
"903","9466","164","1"
"603","1332","740","8"
"184","8439","789","6"
"9","6742","828","9"
"429","8679","70","4"
"220","360","159","8"
"857","2585","872","3"
"5","7451","608","3"
"201","7656","528","6"
"297","2335","59","9"
"316","2534","690","2"
"94","7213","249","5"
"519","5172","130","4"
"276","6294","436","6"
"1","1094","654","4"
"591","4164","807","9"
"787","1046","873","1"
"831","2388","526","9"
"487","7132","553","8"
"633","5661","955","9"
"720","2618","672","10"
"367","2452","427","2"
"187","2610","53","10"
"697","466","701","5"
"287","9680","544","3"
"288","6286","293","9"
"18","6966","64","5"
"384","18","399","4"
"993","3903","660","7"
"30","8830","46","10"
"448","5097","756","4"
"251","8458","166","6"
"344","2961","38","2"
"143","7889","980","4"
"276","1485","875","8"
"4","9079","610","6"
"298","6196","703","6"
"165","3804","53","2"
"259","8167","296","2"
"345","1962","405","5"
"333","6305","791","9"
"589","2445","445","5"
"968","8505","585","7"
"731","8470","225","3"
"975","1060","199","1"
"644","5115","392","2"
"582","1589","762","1"
"946","7595","56","3"
"669","1456","748","2"
"936","3808","491","6"
"474","4550","831","8"
"837","4493","139","3"
"200","1984","26","4"
"771","9985","275","3"
"959","6436","193","10"
"222","165","862","3"
"939","38","159","4"
"879","6505","684","10"
"461","1951","662","5"
"253","2607","166","4"
"337","3471","13","10"
"410","3645","772","7"
"273","1061","529","5"
"523","869","393","1"
"59","5057","792","1"
"454","653","347","1"
"785","8126","763","9"
"946","1384","643","9"
"581","3820","284","6"
"158","4917","927","10"
"284","3985","976","2"
"690","865","343","7"
"319","2769","430","5"
"730","6510","393","6"
"908","2393","435","10"
"439","1748","173","6"
"603","3295","863","2"
"771","5822","970","7"
"346","5802","328","3"
"242","8268","85","6"
"387","7293","976","4"
"312","5921","405","5"
"622","58","458","4"
"714","2925","63","3"
"544","8715","673","7"
"866","2882","857","2"
"989","7964","210","2"
"476","235","35","10"
"403","868","107","9"
"644","3051","391","1"
"569","2083","180","8"
"956","8518","930","8"
"988","160","886","8"
"31","1701","461","4"
"504","3932","516","4"
"193","3981","303","3"
"865","7317","283","3"
"597","8506","982","9"
"421","8802","32","2"
"754","8125","604","7"
"991","4592","817","5"
"456","3695","722","4"
"311","1972","895","1"
"98","8075","141","9"
"994","1622","695","1"
"862","5281","918","6"
"414","5465","806","5"
"922","9600","462","8"
"527","9663","912","2"
"953","3001","428","6"
"812","5580","816","2"
"448","9544","126","7"
"23","6299","805","4"
"539","272","111","8"
"593","1749","525","10"
"829","7598","371","9"
"205","8604","868","3"
"460","5944","222","3"
"462","2532","459","10"
"12","7679","812","1"
"526","1147","137","3"
"340","2697","497","5"
"534","5903","341","10"
"878","8550","501","9"
"548","3366","829","10"
"808","2937","810","6"
"462","7984","4","2"
"204","5201","352","6"
"128","8290","940","3"
"10","3748","54","5"
"676","7921","973","5"
"414","5552","884","7"
"372","1347","177","7"
"661","3849","970","4"
"424","2586","345","2"
"263","5205","732","5"
"394","7263","951","4"
"291","177","529","1"
"752","7278","946","6"
"916","4010","444","2"
"108","1654","598","5"
"462","4546","724","4"
"181","9123","388","2"
"357","6544","721","1"
"723","7367","587","10"
"469","3676","726","9"
"582","283","323","8"
"787","4045","568","4"
"48","1959","461","3"
"671","8807","500","3"
"747","3200","162","7"
"241","9632","224","8"
"783","9513","600","8"
"302","3216","498","5"
"234","7361","352","3"
"351","2561","586","6"
"597","1321","253","9"
"411","8579","848","2"
"401","8875","629","9"
"683","1635","853","5"
"675","6737","121","1"
"587","5580","746","5"
"392","6053","49","5"
"144","8568","645","5"
"655","9867","909","1"
"950","2587","905","8"
"603","29","580","4"
"377","3563","875","9"
"446","5990","611","5"
"810","4264","855","10"
"999","1167","208","6"
"835","1192","224","7"
"655","618","193","5"
"393","4549","551","1"
"549","2463","159","5"
"20","2599","600","2"
"202","9747","957","3"
"46","365","434","1"
"467","6495","349","9"
"150","6898","420","9"
"84","1668","541","4"
"450","5733","681","4"
"693","2365","95","6"
"991","151","580","3"
"457","9278","393","5"
"885","5709","356","2"
"428","1723","960","4"
"4","8239","824","2"
"390","5428","799","5"
"440","4884","524","9"
"239","2609","137","8"
"870","609","978","9"
"135","8518","396","4"
"949","9906","528","6"
"184","4382","579","9"
"212","7318","697","9"
"880","2142","872","3"
"686","4359","603","6"
"683","1989","483","5"
"637","8043","143","5"
"343","6060","790","3"
"541","7575","597","4"
"304","7379","268","1"
"13","3610","684","1"
"796","4209","980","7"
"51","8692","817","1"
"553","7301","740","2"
"515","2281","934","6"
"544","4107","14","10"
"406","5948","782","2"
"579","9535","731","6"
"665","9519","429","8"
"793","3222","502","10"
"622","5976","609","10"
"864","9707","414","7"
"793","1347","958","10"
"727","7999","197","6"
"947","4064","29","5"
"204","6237","201","3"
"196","2765","436","1"
"263","8495","838","3"
"831","5736","51","10"
"383","2719","683","8"
"84","1558","298","9"
"342","9683","323","10"
"895","9214","54","4"
"619","7902","980","6"
"76","318","154","2"
"285","5161","293","1"
"708","1847","808","9"
"556","3321","94","10"
"411","7857","645","8"
"717","2439","491","6"
"860","1126","289","10"
"430","533","390","3"
"20","2282","285","1"
"877","8363","742","1"
"760","4267","418","3"
"317","8015","73","3"
"214","8370","449","10"
"615","3823","271","4"
"336","9352","656","4"
"144","207","998","3"
"454","8135","59","1"
"822","2158","248","9"
"589","3686","92","7"
"264","9427","900","10"
"585","3301","466","6"
"18","1787","419","1"
"174","5415","831","7"
"680","1586","685","10"
"936","3957","71","10"
"21","5418","458","2"
"377","3171","913","9"
"941","4912","20","8"
"295","5242","821","3"
"65","4708","96","2"
"948","6720","573","9"
"833","7928","209","4"
"17","7201","357","2"
"603","2594","641","3"
"718","1759","838","6"
"435","9152","7","1"
"924","3941","257","9"
"321","4014","721","3"
"727","801","946","7"
"12","7101","806","2"
"597","4356","296","10"
"839","8369","422","10"
"289","4019","206","1"
"124","9666","51","7"
"441","4439","430","10"
"968","4890","245","8"
"49","104","841","8"
"891","6839","215","3"
"863","5362","105","5"
"300","8067","939","2"
"412","8307","692","8"
"708","5075","28","1"
"761","6099","271","1"
"730","7871","682","5"
"226","449","282","9"
"742","2336","448","3"
"851","7850","930","3"
"872","8567","719","8"
"91","7770","208","8"
"293","3290","229","9"
"38","9562","700","1"
"967","772","761","7"
"517","1219","197","8"
"815","9512","261","5"
"163","4626","154","5"
"377","607","224","10"
"61","9238","930","9"
"165","8034","202","2"
"116","8160","504","10"
"278","2856","436","3"
"983","9381","936","9"
"972","3166","729","5"
"717","614","791","5"
"788","3952","234","3"
"226","8273","331","2"
"518","7643","494","6"
"900","7142","264","1"
"269","1441","410","2"
"41","9965","135","8"
"668","59","5","8"
"466","4230","442","5"
"219","703","416","8"
"789","1320","384","1"
"458","3236","978","6"
"407","1206","121","9"
"73","2836","50","9"
"817","1266","752","8"
"994","4150","218","4"
"199","3329","633","2"
"28","9818","294","8"
"203","9264","293","3"
"795","1448","348","6"
"667","1160","759","7"
"765","2691","547","8"
"287","2884","542","3"
"984","2529","321","10"
"548","1224","51","10"
"233","8829","569","9"
"526","1646","684","6"
"114","486","86","5"
"49","8380","648","3"
"678","4518","264","9"
"37","5716","789","8"
"148","2194","235","7"
"443","8074","856","3"
"966","1559","849","5"
"980","3705","765","5"
"739","3050","396","5"
"531","2394","440","8"
"629","1776","860","6"
"266","8753","729","8"
"856","5137","887","5"
"219","8999","750","6"
"999","2130","581","5"
"590","1246","508","7"
"355","4736","878","2"
"429","5693","162","8"
"613","4046","870","1"
"966","7948","526","7"
"71","8409","448","6"
"321","4941","528","5"
"521","6778","122","5"
"82","3297","478","2"
"823","3050","78","1"
"926","533","664","6"
"507","9598","322","1"
"104","1966","166","10"
"808","3340","946","7"
"144","2395","552","4"
"629","3277","893","6"
"772","6621","573","3"
"942","3242","865","2"
"892","7181","669","10"
"465","4123","323","8"
"262","4950","284","6"
"351","6797","544","4"
"786","7047","782","10"
"67","4096","547","5"
"149","7935","377","7"
"265","6539","523","7"
"568","6569","245","10"
"721","4612","860","1"
"305","4282","144","6"
"873","3429","670","1"
"45","8916","841","1"
"800","4988","871","6"
"134","7065","457","4"
"659","5846","867","6"
"249","7515","810","2"
"809","1961","893","7"
"386","2015","108","4"
"450","9539","0","10"
"468","195","462","10"
"556","7","803","4"
"640","9730","910","9"
"212","9988","394","8"
"925","1235","76","9"
"914","4005","312","9"
"620","3607","390","4"
"536","66","957","1"
"284","7496","612","8"
"773","3526","950","3"
"650","708","51","4"
"418","9960","665","8"
"539","2032","141","3"
"131","4413","237","9"
"422","140","594","4"
"164","4179","662","4"
"532","4043","382","3"
"267","9709","886","8"
"877","7038","762","3"
"909","5743","292","8"
"979","2728","817","5"
"475","6145","649","7"
"782","2081","64","6"
"230","3009","213","8"
"348","6888","945","6"
"405","1323","434","5"
"992","793","213","1"
"206","8079","923","7"
"831","4810","287","4"
"582","4112","615","3"
"231","5569","761","9"
"975","1840","582","4"
"236","8305","734","3"
"438","6971","102","3"
"404","7657","30","8"
"669","7304","182","10"
"228","6211","867","6"
"350","5131","139","2"
"552","8013","321","2"
"410","1679","335","6"
"839","8099","159","2"
"820","6193","792","1"
"925","7397","281","1"
"8","9503","707","9"
"51","9963","230","2"
"756","7591","495","9"
"380","6942","638","10"
"99","9882","794","3"
"178","9325","592","7"
"93","4106","221","5"
"753","1801","406","7"
"607","7258","681","1"
"283","1724","678","4"
"368","1168","44","8"
"912","1073","876","8"
"530","2785","858","7"
"16","7363","928","10"
"404","6882","613","9"
"907","3594","275","7"
"442","2618","293","7"
"188","8560","196","3"
"497","9594","700","8"
"745","5102","648","4"
"358","5275","591","10"
"762","6851","880","4"
"381","9999","328","5"
"733","6576","819","10"
"676","3734","479","1"
"891","807","209","2"
"137","9536","337","8"
"79","2291","296","2"
"281","7884","862","1"
"75","7783","417","6"
"860","4451","943","10"
"878","4784","808","7"
"701","7201","693","10"
"672","2501","817","3"
"908","3714","900","2"
"976","2600","137","8"
"980","4412","265","6"
"670","1973","322","9"
"693","6768","301","3"
"491","3072","458","4"
"919","418","614","3"
"997","7682","732","2"
"344","1135","649","1"
"351","7027","439","8"
"872","2459","789","10"
"162","6758","938","1"
"351","2017","798","8"
"709","5370","240","10"
"154","783","149","8"
"104","8650","756","10"
"324","1850","925","6"
"162","1916","709","9"
"221","7691","929","6"
"602","3059","634","10"
"170","7536","456","9"
"887","8425","700","10"
"594","9194","389","9"
"237","3792","291","4"
"161","606","395","1"
"982","5453","620","3"
"785","213","773","3"
"617","2155","319","4"
"888","3616","640","2"
"854","8696","884","10"
"415","9897","273","2"
"336","8797","459","1"
"206","5921","850","8"
"557","7993","171","10"
"88","7830","763","4"
"185","8867","19","7"
"820","7604","163","8"
"404","9292","142","5"
"480","8271","193","10"
"3","3327","587","6"
"98","4644","527","9"
"654","2862","149","4"
"338","3773","568","1"
"450","3796","491","10"
"563","2037","546","4"
"935","6638","615","5"
"360","8087","901","6"
"403","1381","98","3"
"576","4000","512","1"
"850","374","15","2"
"47","3881","124","2"
"645","7241","368","1"
"656","615","914","8"
"414","3384","231","5"
"226","4927","117","1"
"72","4962","697","10"
"932","8770","125","5"
"678","3675","712","8"
"177","7384","53","4"
"771","8818","902","6"
"323","3936","848","7"
"976","5735","648","8"
"162","8452","248","2"
"772","1057","942","7"
"979","5774","592","4"
"993","2366","129","10"
"295","9314","689","9"
"255","2482","627","5"
"488","5495","880","7"
"974","3808","92","5"
"159","4169","178","7"
"119","8982","19","1"
"843","8858","77","1"
"738","1090","980","10"
"993","2111","268","7"
"301","8043","837","8"
"409","6285","51","7"
"180","7382","192","8"
"68","4299","329","2"
"190","504","156","6"
"844","9497","100","4"
"869","9835","592","10"
"209","8221","593","3"
"41","341","403","9"
"185","9917","360","3"
"175","2788","347","10"
"282","4256","422","6"
"605","6936","743","3"
"106","3746","42","1"
"347","2284","409","6"
"866","8917","387","5"
"748","6607","288","4"
"665","784","233","5"
"145","4031","650","7"
"693","3480","283","6"
"350","7610","980","8"
"765","4383","399","9"
"525","4977","315","2"
"262","1041","65","3"
"724","9897","75","1"
"552","4650","427","5"
"64","6151","516","8"
"766","7081","335","4"
"956","3627","759","10"
"56","3315","737","9"
"233","6724","108","4"
"567","5804","686","1"
"845","8746","58","10"
"333","8483","742","5"
"417","8246","950","4"
"945","1325","568","10"
"74","3020","37","8"
"585","2513","82","2"
"346","9395","677","7"
"882","9631","967","1"
"386","7949","853","10"
"488","7801","947","8"
"624","3131","457","6"
"131","2582","832","7"
"648","3749","133","9"
"570","4521","741","3"
"43","772","827","6"
"648","8483","192","7"
"428","5289","670","6"
"538","1223","836","1"
"539","6730","136","6"
"979","5513","868","7"
"558","2508","16","7"
"412","3365","151","10"
"859","6379","0","5"
"911","5092","369","5"
"487","7909","832","2"
"817","4962","939","9"
"220","9158","46","2"
"333","4941","709","1"
"649","9450","232","10"
"954","5781","763","9"
"657","21","948","8"
"631","3639","771","5"
"938","3216","857","4"
"590","708","115","7"
"616","316","459","8"
"659","2848","682","1"
"993","5144","161","10"
"104","735","279","9"
"698","3511","628","4"
"953","2235","590","5"
"373","8108","547","7"
"298","542","651","5"
"743","9652","951","6"
"810","3696","156","1"
"626","4933","944","5"
"894","8568","479","5"
"727","2890","61","6"
"642","9246","4","4"
"464","7340","199","5"
"339","5779","536","6"
"485","434","887","5"
"606","9892","425","1"
"90","1189","565","6"
"8","8318","194","1"
"947","7280","641","8"
"154","3171","150","2"
"630","6175","428","7"
"422","1573","652","1"
"278","3014","471","8"
"644","1589","835","8"
"877","5135","716","3"
"462","83","768","2"
"640","8852","427","2"
"793","9297","747","3"
"36","4556","480","10"
"897","1661","632","4"
"697","5101","588","8"
"261","1685","411","6"
"665","1041","442","1"
"121","2708","125","10"
"713","803","593","3"
"988","4891","304","10"
"86","902","717","6"
"538","3663","601","1"
"955","9789","772","7"
"915","2090","672","1"
"991","3833","352","5"
"322","1806","250","3"
"225","289","416","5"
"799","4855","781","2"
"96","1203","533","10"
"350","8322","315","9"
"769","7707","664","5"
"258","6551","604","2"
"660","4266","705","9"
"100","6537","877","8"
"177","3808","483","7"
"890","4683","146","9"
"673","5221","186","6"
"888","4721","672","9"
"416","1135","970","9"
"850","3619","416","3"
"364","6781","595","1"
"660","2909","397","6"
"154","6765","572","5"
"673","9867","704","8"
"555","3867","800","10"
"151","5160","321","4"
"4","353","347","10"
"175","5324","440","9"
"131","8776","28","1"
"324","1027","70","4"
"966","4780","257","2"
"559","3248","862","10"
"28","3057","629","9"
"906","3152","446","6"
"927","4227","625","2"
"537","6395","43","5"
"971","646","629","2"
"520","6914","726","6"
"404","3902","740","2"
"600","7892","672","2"
"922","2401","707","3"
"872","6416","623","2"
"612","5925","807","1"
"511","7692","157","2"
"19","5047","626","1"
"992","4953","223","4"
"357","3059","475","10"
"469","1755","411","10"
"772","1203","596","2"
"205","9293","785","6"
"58","7385","14","10"
"701","6659","465","5"
"72","4002","9","2"
"371","200","676","4"
"584","3394","93","10"
"105","1642","146","2"
"386","6234","858","5"
"302","1539","949","3"
"883","3415","612","4"
"586","118","703","10"
"832","4862","265","6"
"100","4590","714","8"
"574","4559","869","1"
"161","1909","567","7"
"357","8712","200","10"
"600","3187","786","10"
"969","9715","769","6"
"512","3198","352","1"
"245","7174","613","1"
"470","6477","908","8"
"772","3550","187","10"
"480","6040","693","6"
"82","9282","27","4"
"261","5810","286","8"
"951","786","770","10"
"49","100","581","3"
"822","7049","855","6"
"647","2006","588","5"
"676","7765","704","1"
"55","1643","415","6"
"853","153","279","7"
"577","5666","551","4"
"978","598","804","10"
"356","5869","248","1"
"985","3406","253","10"
"207","2553","385","3"
"689","1936","919","4"
"497","2696","86","8"
"496","8738","417","6"
"312","1762","645","8"
"671","574","813","3"
"231","4344","776","2"
"301","3717","566","1"
"12","8013","871","6"
"8","3217","866","8"
"20","2180","344","6"
"486","8525","993","2"
"310","4310","776","9"
"775","2184","191","4"
"756","8234","409","4"
"690","1336","269","6"
"595","8155","604","1"
"937","4408","576","8"
"857","656","1","2"
"474","9670","793","5"
"178","3588","671","7"
"87","3850","537","8"
"222","7038","575","7"
"333","4328","772","6"
"767","3444","904","8"
"66","3444","340","3"
"565","8675","914","3"
"588","223","122","5"
"179","247","276","10"
"442","3989","273","1"
"202","8770","999","10"
"188","7851","377","4"
"881","7742","887","10"
"605","6489","106","3"
"701","184","478","5"
"974","279","315","1"
"581","1714","483","3"
"997","6969","976","2"
"22","288","469","3"
"286","4409","750","10"
"546","378","166","2"
"696","5309","215","4"
"847","1648","480","5"
"173","7857","843","1"
"55","5488","606","9"
"57","8460","127","1"
"241","2550","237","7"
"317","3192","122","10"
"819","3991","86","5"
"166","7294","878","10"
"966","7550","210","1"
"604","3186","623","2"
"267","6635","327","10"
"977","4055","548","6"
"189","8687","569","8"
"843","6940","970","9"
"794","672","460","5"
"223","4349","898","8"
"832","9240","2","6"
"597","7988","51","1"
"680","2645","420","10"
"859","4896","833","10"
"353","3487","216","4"
"480","4387","495","7"
"152","4516","833","5"
"504","5756","842","1"
"539","2585","1","8"
"719","8476","63","4"
"79","5861","489","6"
"314","6085","707","6"
"884","4748","905","3"
"929","6008","515","6"
"388","9959","985","8"
"197","6436","672","7"
"974","9975","14","7"
"669","621","889","1"
"592","1778","500","7"
"100","2302","255","6"
"667","3418","364","3"
"557","3015","119","8"
"284","2898","450","2"
"577","6135","770","2"
"620","7659","301","4"
"876","6395","830","9"
"647","3425","929","8"
"408","6882","170","10"
"357","9039","141","4"
"319","8426","977","6"
"907","9758","82","9"
"843","9434","572","3"
"631","8104","709","8"
"56","1891","49","5"
"63","5006","411","10"
"922","1606","986","5"
"850","6846","64","10"
"695","8702","98","2"
"630","2927","63","7"
"856","7047","441","10"
"149","9146","279","7"
"211","8176","842","9"
"938","7083","364","2"
"770","9225","997","9"
"419","4032","54","2"
"239","3170","925","8"
"775","7305","365","10"
"672","6544","304","2"
"635","9693","143","7"
"399","3518","982","9"
"847","4412","249","6"
"281","4854","215","9"
"866","9883","601","5"
"501","8886","65","9"
"921","1938","412","7"
"601","4115","446","5"
"610","7026","481","1"
"409","7098","49","6"
"706","236","22","2"
"844","7357","113","4"
"573","7827","935","9"
"33","9069","249","2"
"321","9614","94","3"
"42","4857","135","5"
"978","2890","446","10"
"899","835","522","5"
"22","433","464","7"
"906","5397","637","7"
"282","9079","441","5"
"626","1906","843","1"
"729","3033","240","10"
"941","2059","720","5"
"991","4929","744","9"
"316","8529","65","7"
"917","4771","663","4"
"888","3016","176","5"
"645","7567","119","7"
"401","324","742","7"
"663","6530","507","9"
"198","747","506","7"
"640","6091","976","8"
"912","6573","971","8"
"291","5292","403","4"
"738","6674","54","8"
"575","6601","971","6"
"647","6395","162","5"
"631","839","301","4"
"200","5309","45","6"
"629","2081","794","2"
"818","1091","503","5"
"546","3974","715","5"
"307","5670","836","6"
"390","3215","482","6"
"723","8320","38","2"
"999","1261","60","10"
"896","6714","72","2"
"518","9318","700","4"
"787","10","768","9"
"384","4244","336","5"
"982","8804","586","7"
"494","9772","927","3"
"268","2730","392","5"
"615","1868","50","4"
"429","7515","939","3"
"888","4754","710","6"
"783","3208","692","6"
"364","5720","645","10"
"395","8041","918","7"
"438","2343","987","7"
"344","2375","794","8"
"637","3472","913","8"
"72","4668","988","1"
"771","6690","53","10"
"792","3854","276","9"
"267","9528","688","2"
"283","6761","341","1"
"953","6195","434","8"
"463","2925","120","4"
"558","6382","423","8"
"415","2693","808","8"
"605","6736","95","3"
"388","3183","562","3"
"321","1684","415","2"
"526","8532","946","1"
"114","3608","7","2"
"461","2648","429","5"
"538","3237","708","7"
"966","2023","904","4"
"681","8460","136","6"
"58","2782","812","8"
"612","2398","339","6"
"157","8487","61","7"
"572","4846","465","6"
"882","4361","701","4"
"888","9123","962","8"
"490","1800","590","4"
"666","1195","656","10"
"79","5324","825","4"
"140","2409","124","1"
"808","8535","602","8"
"699","6594","858","10"
"362","1738","579","7"
"204","2101","693","5"
"535","8042","402","5"
"549","1383","647","9"
"258","2546","575","4"
"841","3895","855","1"
"859","3743","400","7"
"295","8310","39","3"
"971","5738","105","6"
"690","4144","960","4"
"912","6727","536","7"
"919","9152","918","7"
"576","9073","579","7"
"804","9881","52","9"
"649","3433","688","7"
"481","8493","993","1"
"724","7441","390","1"
"605","6950","159","2"
"659","8312","573","5"
"79","1337","75","7"
"935","2839","486","6"
"760","1975","366","1"
"245","1350","552","2"
"306","3286","496","5"
"640","1937","221","4"
"698","4456","612","10"
"655","5429","985","2"
"161","4989","784","9"
"446","2937","629","10"
"574","419","76","10"
"402","5074","457","2"
"538","1776","250","1"
"917","4033","703","8"
"123","9154","261","10"
"890","4412","953","6"
"626","1431","622","9"
"259","9963","282","2"
"92","8902","472","7"
"134","2475","280","1"
"854","5101","151","6"
"759","6607","388","2"
"332","8008","241","1"
"856","2890","983","8"
"411","8363","801","7"
"829","5146","583","7"
"283","5693","350","1"
"665","7416","510","10"
"149","5702","230","4"
"775","9847","584","2"
"842","8129","203","5"
"593","6648","927","6"
"650","8134","99","10"
"262","9400","305","1"
"792","8800","542","8"
"368","1276","61","7"
"778","7538","743","8"
"448","4521","858","8"
"936","7285","176","9"
"259","9751","833","3"
"798","1993","486","9"
"247","6722","497","1"
"264","1647","241","8"
"908","8260","818","10"
"835","4183","54","3"
"886","8618","773","7"
"349","2596","692","2"
"354","3742","453","9"
"190","1039","333","7"
"782","3486","190","9"
"44","5544","567","8"
"995","6150","927","7"
"192","8513","925","6"
"454","9568","767","2"
"98","3292","519","1"
"409","8536","990","9"
"874","442","76","1"
"33","9488","477","9"
"887","1995","379","9"
"383","745","251","2"
"289","3068","555","3"
"234","8928","25","8"
"418","3981","260","1"
"14","9514","183","8"
"237","6096","173","3"
"249","2133","230","3"
"241","3571","208","9"
"771","6111","551","6"
"267","4650","814","10"
"407","1694","522","7"
"405","9789","489","10"
"536","7528","318","10"
"685","5466","621","10"
"888","9215","705","5"
"408","1261","32","10"
"406","1264","226","4"
"639","8477","252","1"
"51","3277","847","8"
"961","8733","602","5"
"475","7360","573","2"
"845","643","926","1"
"182","2586","652","8"
"700","5176","836","3"
"206","6490","149","9"
"93","2310","250","2"
"29","375","159","8"
"248","429","121","9"
"453","5074","846","7"
"204","8087","54","4"
"348","3067","902","3"
"337","706","263","4"
"918","3168","217","7"
"749","2347","377","10"
"67","977","473","2"
"63","7106","922","2"
"235","1678","901","8"
"383","1979","72","10"
"579","7911","321","8"
"858","7698","998","8"
"931","9242","170","5"
"678","4596","165","8"
"562","4120","323","4"
"744","7915","271","4"
"971","9270","682","3"
"455","9135","784","4"
"787","8742","733","9"
"86","5178","96","2"
"889","9688","944","2"
"787","8141","332","10"
"821","2014","993","10"
"357","137","72","7"
"389","3165","754","6"
"168","8342","647","1"
"811","3043","762","10"
"576","2219","232","6"
"474","5877","212","4"
"837","4198","559","4"
"8","7134","997","9"
"293","8171","257","2"
"8","6575","56","3"
"140","7078","213","8"
"755","3496","568","2"
"67","4933","79","10"
"854","8579","755","3"
"287","5227","436","5"
"18","6964","108","3"
"529","4639","159","3"
"246","3755","408","3"
"67","1725","276","10"
"512","4821","99","7"
"284","5523","347","6"
"180","5623","734","10"
"210","5572","333","10"
"725","159","3","2"
"837","6878","583","6"
"609","1804","512","4"
"223","7048","304","10"
"300","553","103","5"
"924","1453","462","2"
"362","6844","976","1"
"177","4135","73","3"
"86","7757","452","7"
"854","4990","751","6"
"594","972","220","4"
"603","3992","969","6"
"113","8123","429","6"
"446","4348","854","2"
"326","4650","788","1"
"775","7546","222","6"
"372","5355","351","8"
"767","9115","29","5"
"582","1589","586","9"
"167","940","782","5"
"952","5435","416","6"
"703","6181","848","4"
"195","8314","377","5"
"910","5781","668","10"
"835","8482","262","4"
"461","3678","595","1"
"313","4593","751","8"
"677","2222","735","6"
"401","4731","718","2"
"213","1163","438","9"
"58","2780","958","2"
"861","8222","671","6"
"989","4143","896","3"
"915","4828","106","2"
"889","626","811","7"
"138","5310","95","1"
"813","2923","940","1"
"814","229","837","6"
"675","8583","464","7"
"880","4719","972","3"
"90","1635","940","6"
"670","301","486","2"
"242","7084","913","6"
"711","4883","182","9"
"710","5699","75","4"
"268","3692","150","5"
"325","6222","375","6"
"711","698","612","4"
"999","3740","625","4"
"306","6654","24","3"
"218","8898","246","6"
"818","9142","329","4"
"426","8040","665","6"
"33","7721","185","5"
"238","8980","266","4"
"528","498","791","4"
"639","2714","566","6"
"153","6405","108","2"
"42","7593","703","8"
"27","231","158","4"
"66","5318","856","9"
"965","3849","162","10"
"229","2590","564","6"
"543","9152","785","9"
"828","6549","526","3"
"973","6710","269","2"
"482","9313","925","7"
"122","6882","16","4"
"145","8163","127","4"
"474","7700","842","4"
"711","1663","939","5"
"600","1804","588","8"
"517","2092","289","7"
"546","5789","350","9"
"774","9271","641","8"
"933","2557","264","9"
"107","3877","843","4"
"402","5848","569","10"
"198","4505","887","8"
"557","5482","470","5"
"816","8131","708","8"
"148","7757","35","8"
"52","8485","592","3"
"457","6940","61","3"
"597","8528","767","7"
"755","761","387","10"
"569","4162","61","1"
"601","2135","672","4"
"366","1468","170","3"
"485","3217","470","10"
"756","1391","885","5"
"644","8667","561","4"
"467","2310","367","3"
"61","8495","247","9"
"191","9485","431","8"
"580","4312","524","5"
"341","7729","328","7"
"183","5703","401","6"
"699","8529","865","7"
"2","2582","169","2"
"475","9099","142","4"
"658","7313","153","6"
"263","7840","818","2"
"636","8488","612","10"
"964","7475","162","3"
"286","4114","521","10"
"715","275","36","2"
"55","495","705","6"
"940","882","841","8"
"10","7643","125","10"
"219","64","524","8"
"161","6944","514","4"
"761","1857","803","5"
"30","4295","698","7"
"562","4501","462","10"
"421","4032","667","8"
"807","7613","759","10"
"889","5540","601","3"
"187","6911","358","6"
"723","94","537","3"
"332","3020","378","3"
"301","4958","903","2"
"25","5587","534","9"
"132","6142","558","2"
"183","4332","65","2"
"264","7112","612","5"
"296","9835","289","10"
"932","4305","761","7"
"812","2803","256","4"
"986","6408","694","10"
"67","4849","178","6"
"782","4033","99","1"
"952","3515","501","7"
"100","3713","38","9"
"89","8019","491","2"
"494","5358","833","5"
"32","7107","820","2"
"581","3136","645","8"
"564","9806","663","4"
"219","6258","761","8"
"695","4659","418","10"
"826","5740","338","7"
"516","2712","352","8"
"715","3835","85","4"
"860","9806","178","7"
"225","3227","420","3"
"740","1074","813","6"
"477","3388","108","3"
"391","931","785","6"
"95","2108","54","6"
"724","6333","422","4"
"692","2470","419","2"
"513","8302","164","5"
"145","412","483","7"
"728","9253","582","5"
"458","4431","504","4"
"410","6006","199","4"
"653","9153","72","2"
"115","8924","900","8"
"781","8193","91","7"
"367","7994","629","4"
"301","3161","899","6"
"506","8864","868","8"
"452","5378","149","10"
"858","1523","61","10"
"247","2617","279","7"
"363","8426","98","1"
"766","1223","256","10"
"548","6845","17","6"
"820","8184","960","6"
"216","1888","188","7"
"114","6882","243","7"
"815","5337","831","9"
"161","870","848","2"
"841","2234","290","8"
"410","4708","387","1"
"847","9428","35","5"
"519","707","184","5"
"445","5404","904","1"
"63","1314","657","1"
"379","140","456","3"
"174","9413","98","4"
"122","634","857","5"
"458","1916","675","7"
"500","1712","596","9"
"513","192","681","2"
"44","5083","702","3"
"330","7829","352","9"
"424","388","409","8"
"854","4797","686","3"
"206","9203","865","7"
"107","4355","990","6"
"452","6920","747","2"
"144","3296","934","4"
"664","4736","441","1"
"342","9128","263","2"
"419","3366","131","8"
"582","9558","288","10"
"515","4386","805","6"
"826","733","441","4"
"218","2415","643","9"
"425","2701","567","3"
"833","3776","387","8"
"352","7936","92","1"
"18","5510","287","6"
"903","9591","691","6"
"975","7722","856","4"
"553","8886","483","9"
"154","6178","372","6"
"778","1972","368","2"
"184","5269","393","1"
"529","2295","778","2"
"574","3115","15","1"
"249","7900","985","9"
"182","5125","768","9"
"543","1182","462","4"
"739","9299","822","10"
"676","7777","83","4"
"706","4180","323","7"
"303","6559","648","4"
"136","6343","947","5"
"967","2133","899","5"
"921","8202","194","5"
"914","3973","317","10"
"121","5130","865","2"
"737","4625","207","7"
"918","7295","68","7"
"863","8519","569","1"
"866","9770","788","9"
"578","9005","444","2"
"901","4493","972","7"
"425","7605","479","2"
"481","2916","757","3"
"603","8750","773","7"
"852","5187","894","3"
"432","3885","748","4"
"970","8562","341","4"
"399","6605","443","8"
"440","9155","522","2"
"341","2480","626","1"
"38","7731","264","6"
"555","5683","493","6"
"68","6712","154","8"
"959","658","528","6"
"864","1133","468","10"
"313","5636","833","4"
"490","6928","456","5"
"49","9733","722","10"
"494","7064","506","1"
"58","3044","92","4"
"952","5789","454","2"
"503","3176","115","1"
"306","4371","774","9"
"513","2611","579","9"
"519","9077","321","9"
"14","4331","948","1"
"880","2189","492","8"
"519","2274","846","2"
"865","9929","401","5"
"280","8285","698","2"
"90","6514","445","3"
"873","5993","355","10"
"318","1824","959","1"
"0","9213","75","3"
"599","9776","757","2"
"531","14","457","1"
"221","5825","66","9"
"551","3740","620","9"
"448","7200","645","7"
"997","7098","138","10"
"200","4296","799","3"
"487","6541","238","10"
"0","6904","284","8"
"473","1550","379","10"
"714","1666","492","8"
"8","760","975","4"
"657","9119","498","3"
"447","7572","426","3"
"143","6538","694","6"
"280","2911","860","6"
"250","4031","498","4"
"554","5348","108","10"
"750","8918","267","5"
"631","9705","158","3"
"81","4026","509","4"
"287","3246","736","8"
"365","4956","357","2"
"184","1093","125","4"
"431","8068","556","6"
"562","5907","396","2"
"153","1183","29","8"
"385","1620","672","6"
"175","5254","742","9"
"22","6124","517","7"
"361","1892","340","3"
"983","4344","730","9"
"995","5963","436","10"
"452","900","823","1"
"529","5909","117","10"
"15","4803","608","7"
"758","6467","853","8"
"144","4539","992","7"
"156","7313","105","5"
"360","4655","539","2"
"719","6782","715","7"
"146","4139","260","2"
"205","6036","143","7"
"73","1818","701","10"
"198","5672","720","2"
"15","841","195","3"
"143","2086","219","9"
"726","2201","111","4"
"546","3936","173","3"
"835","3633","203","10"
"884","9702","380","7"
"323","2698","189","1"
"396","2265","715","1"
"744","6916","545","8"
"830","1663","842","2"
"707","6394","898","6"
"356","1854","881","7"
"37","9705","230","2"
"902","9964","735","5"
"437","5303","716","10"
"921","9614","915","9"
"92","5860","461","6"
"885","2038","884","9"
"797","839","401","9"
"184","1633","73","3"
"233","1916","209","2"
"481","4865","288","7"
"687","6555","489","8"
"605","9797","846","6"
"680","8612","335","3"
"808","5073","421","5"
"417","2181","916","8"
"777","7253","9","5"
"532","5564","782","5"
"783","8618","740","6"
"930","5104","439","1"
"568","1915","42","4"
"60","3110","147","3"
"704","9569","603","1"
"872","2775","866","3"
"472","3770","620","1"
"606","2463","95","1"
"625","7882","497","9"
"516","8065","47","8"
"982","1101","787","4"
"749","5137","768","6"
"230","2780","729","1"
"166","4777","721","7"
"846","7961","565","1"
"638","1498","742","7"
"360","2057","805","8"
"477","3878","122","10"
"648","5797","335","2"
"932","9324","385","8"
"543","8029","775","6"
"141","7872","551","7"
"200","443","779","5"
"498","5100","781","3"
"681","3599","920","2"
"406","5828","583","5"
"993","5473","475","6"
"433","6879","801","5"
"953","8138","332","4"
"767","5659","282","2"
"53","6037","298","9"
"473","9738","744","6"
"950","9043","873","2"
"913","599","474","6"
"941","4250","266","7"
"243","7673","800","9"
"958","5273","828","8"
"934","1818","829","3"
"827","6176","3","8"
"667","2343","881","4"
"634","5024","580","7"
"365","6400","240","3"
"312","4001","101","2"
"218","8721","265","5"
"430","2786","475","2"
"108","3644","197","5"
"755","438","183","7"
"671","1026","928","6"
"646","5656","352","3"
"355","5361","412","4"
"366","1432","142","7"
"872","1095","658","2"
"424","9806","640","7"
"602","8940","807","9"
"58","8471","52","5"
"449","2122","235","5"
"948","4997","430","2"
"182","8565","257","5"
"351","1127","469","3"
"390","3141","143","2"
"358","1316","959","1"
"717","3388","379","5"
"3","4918","760","5"
"161","7411","672","10"
"785","7869","410","8"
"193","3791","993","9"
"421","5155","887","4"
"500","4313","721","3"
"86","2252","820","2"
"254","9500","103","1"
"872","423","361","6"
"131","4369","34","2"
"220","9018","837","6"
"294","6861","224","10"
"909","9732","931","9"
"949","2788","17","6"
"753","6011","927","2"
"811","836","572","10"
"149","380","640","3"
"167","3004","416","3"
"337","4414","186","9"
"649","2866","700","5"
"165","3367","965","6"
"559","1582","240","8"
"968","8617","739","8"
"649","7398","275","4"
"587","5957","602","9"
"898","3041","970","8"
"394","3670","284","9"
"442","5280","295","7"
"708","8906","115","7"
"497","5000","426","8"
"250","6017","618","5"
"425","2784","453","10"
"893","6693","306","4"
"440","4242","370","3"
"751","7656","87","6"
"867","9572","90","4"
"786","1007","361","3"
"681","2577","767","8"
"364","1194","528","7"
"914","6998","771","9"
"694","5646","483","9"
"805","4471","498","5"
"853","2054","330","2"
"314","6824","602","4"
"374","8493","721","9"
"844","2227","17","9"
"648","8417","722","3"
"301","1034","889","8"
"920","652","407","10"
"118","4462","966","10"
"728","713","655","3"
"774","8202","855","4"
"622","6086","498","3"
"604","8763","712","4"
"564","3198","630","9"
"587","8565","365","5"
"184","4399","1","1"
"394","5586","519","9"
"387","1911","454","3"
"134","408","338","7"
"196","6456","343","6"
"804","760","689","2"
"516","1948","801","5"
"911","3807","37","3"
"556","8816","364","2"
"865","9451","996","3"
"385","526","8","9"
"181","4300","431","3"
"117","6065","982","9"
"125","1901","131","7"
"454","7688","468","7"
"789","1294","592","7"
"165","6503","621","2"
"653","4483","163","8"
"271","5593","481","2"
"386","3816","556","7"
"816","7236","413","3"
"127","4153","913","1"
"504","2628","730","1"
"550","1873","329","7"
"642","4521","783","4"
"285","3636","893","5"
"77","8922","99","6"
"863","1868","513","3"
"841","4530","709","6"
"111","897","605","9"
"463","8905","491","2"
"217","163","799","5"
"341","4018","574","7"
"394","7315","104","7"
"625","4789","608","4"
"167","7957","417","2"
"850","9517","221","6"
"766","1767","331","7"
"343","350","822","5"
"1","5341","847","3"
"318","1026","497","7"
"324","2725","853","4"
"496","8788","407","7"
"193","540","725","1"
"482","8733","981","7"
"131","810","730","8"
"23","416","841","3"
"906","1876","374","8"
"165","9867","973","6"
"112","1912","824","1"
"455","9863","622","10"
"621","6900","944","2"
"830","8146","995","5"
"288","4053","215","5"
"147","9779","671","9"
"287","7518","201","3"
"490","7574","972","7"
"489","6661","533","2"
"198","6691","366","6"
"208","552","431","8"
"445","7956","685","6"
"432","4682","161","9"
"950","5474","107","8"
"706","6258","141","2"
"679","1964","172","6"
"817","7731","779","1"
"106","48","747","2"
"200","3217","116","6"
"102","6781","327","7"
"226","8725","531","6"
"183","8534","520","2"
"41","9351","346","9"
"388","2170","184","7"
"512","7689","183","7"
"325","2953","466","2"
"267","3488","412","7"
"747","2161","791","1"
"901","2588","267","9"
"485","6606","983","8"
"46","9868","576","6"
"851","3358","190","6"
"405","1955","981","2"
"664","2106","914","6"
"97","2769","189","5"
"355","9398","531","5"
"471","1676","680","8"
"444","8858","787","5"
"777","2161","223","2"
"9","9954","459","3"
"722","2509","200","10"
"816","7129","605","5"
"571","9503","381","4"
"459","8970","445","1"
"152","8218","37","4"
"790","5617","846","1"
"982","3343","221","3"
"439","160","235","2"
"731","8626","74","6"
"416","8026","878","9"
"540","5300","235","5"
"844","9239","257","1"
"320","895","143","9"
"685","1646","381","5"
"875","8453","889","7"
"363","1003","530","3"
"452","9706","961","5"
"855","9551","66","10"
"116","2340","257","10"
"753","8393","998","6"
"137","354","946","5"
"485","3515","853","6"
"577","9712","909","7"
"140","4186","708","2"
"760","1444","704","9"
"218","3959","532","2"
"46","8972","857","5"
"996","4910","663","10"
"217","9533","336","3"
"824","5119","229","10"
"754","8455","175","6"
"4","1917","409","3"
"850","8756","900","10"
"502","1131","323","1"
"117","3785","119","5"
"856","5530","929","7"
"494","6580","739","2"
"971","6636","960","10"
"60","900","418","3"
"749","3356","120","1"
"588","6922","846","10"
"444","7532","440","2"
"202","4466","398","2"
"254","7848","234","1"
"300","4079","942","10"
"364","8903","488","3"
"285","5483","623","10"
"757","5487","167","10"
"647","997","29","6"
"177","4771","605","6"
"915","9315","3","5"
"455","1941","800","6"
"208","1990","982","2"
"937","6419","228","9"
"622","6566","981","5"
"964","3026","496","6"
"228","9945","532","7"
"880","8171","314","10"
"898","5599","141","5"
"480","5228","209","5"
"370","9856","578","6"
"740","9460","99","8"
"129","446","396","4"
"952","9120","891","1"
"624","61","595","4"
"501","9722","399","6"
"930","8257","156","6"
"129","8807","989","7"
"720","3756","5","5"
"844","3897","567","8"
"7","9801","419","3"
"84","849","224","2"
"926","8280","933","9"
"454","3179","11","1"
"765","4693","693","8"
"372","9861","865","2"
"397","8430","97","8"
"571","3235","868","5"
"465","6160","513","8"
"5","1994","60","3"
"262","8288","849","4"
"282","2273","619","2"
"818","3437","181","8"
"760","0","628","9"
"451","3228","792","6"
"761","738","498","8"
"853","3284","748","9"
"292","6329","215","2"
"722","4289","391","1"
"179","3791","75","10"
"185","3414","521","2"
"538","1410","874","3"
"216","2251","906","10"
"931","3308","30","8"
"11","7962","616","10"
"605","5897","47","8"
"401","3407","595","7"
"779","4098","79","4"
"978","43","372","3"
"877","2728","75","8"
"236","9766","130","9"
"917","6126","242","5"
"571","2280","272","3"
"903","9745","358","9"
"952","5834","194","7"
"623","8970","891","5"
"836","3182","352","10"
"333","5031","561","1"
"938","4250","437","7"
"939","5843","796","10"
"298","9304","426","3"
"374","6071","431","7"
"464","8224","869","10"
"128","264","900","3"
"410","5592","196","9"
"11","1781","119","5"
"818","3920","852","6"
"642","6264","758","9"
"95","8132","657","8"
"45","2634","202","5"
"781","6010","106","5"
"693","4477","598","6"
"532","2181","687","1"
"450","456","632","5"
"152","20","436","9"
"897","661","568","9"
"595","9640","429","6"
"993","7127","835","10"
"678","447","380","8"
"823","1436","522","6"
"42","1651","833","6"
"14","3186","886","5"
"160","9489","317","1"
"189","1812","971","6"
"432","7200","370","6"
"548","73","784","8"
"839","7733","469","8"
"864","3492","474","6"
"987","4507","87","7"
"54","9497","302","2"
"670","9908","12","2"
"380","1522","568","7"
"663","8364","74","3"
"812","8553","10","10"
"340","1961","87","10"
"460","5737","746","10"
"168","9642","736","5"
"359","4437","821","9"
"906","8061","518","6"
"282","5840","97","2"
"529","6711","173","5"
"175","6110","874","9"
"24","9688","190","3"
"528","5625","268","10"
"775","279","542","8"
"805","9295","703","9"
"666","7156","914","6"
"867","158","85","5"
"186","9383","566","2"
"453","3821","218","9"
"56","4964","142","4"
"287","606","173","2"
"70","2664","41","3"
"643","7741","575","1"
"185","1051","190","5"
"943","7600","339","4"
"753","7375","261","2"
"117","9837","583","6"
"380","7938","88","8"
"735","9661","808","9"
"678","6712","121","3"
"708","86","406","4"
"842","5700","887","3"
"486","5464","738","7"
"743","240","157","3"
"913","7969","130","6"
"531","8237","555","3"
"960","5564","664","6"
"368","6296","188","5"
"758","6496","691","5"
"364","6020","284","2"
"18","2636","831","7"
"644","6206","462","5"
"600","4413","824","5"
"653","4315","111","8"
"618","3192","850","5"
"959","5598","962","3"
"978","2582","282","4"
"335","9389","532","10"
"230","9511","887","6"
"174","9926","33","8"
"594","6737","766","2"
"235","1338","871","6"
"222","9340","684","7"
"289","3469","755","1"
"291","4327","235","9"
"955","4664","784","5"
"60","6402","420","2"
"745","1700","850","7"
"749","9313","106","8"
"313","5907","71","9"
"875","3195","194","2"
"813","3394","385","3"
"943","3324","782","5"
"177","3534","290","10"
"540","2247","145","7"
"496","5042","502","1"
"996","2508","815","10"
"78","9108","22","1"
"532","7619","592","2"
"433","9041","273","10"
"711","9386","918","4"
"809","5876","238","5"
"389","7964","748","5"
"762","8674","930","3"
"673","8854","928","1"
"294","6152","7","6"
"491","3481","703","4"
"388","8921","23","5"
"224","1220","971","10"
"478","5383","769","8"
"23","5429","371","5"
"494","6730","284","8"
"403","4715","484","4"
"184","1630","846","2"
"8","270","553","8"
"921","9941","831","10"
"424","5016","249","6"
"776","5385","333","4"
"786","5388","912","8"
"928","6796","180","3"
"422","4532","81","9"
"738","5430","616","8"
"938","8144","135","2"
"430","8893","260","10"
"768","3547","461","4"
"790","1991","101","8"
"506","2061","287","6"
"649","6647","892","9"
"213","8455","837","10"
"166","7500","18","4"
"118","5607","729","7"
"408","8159","96","7"
"621","8670","918","4"
"2","939","701","9"
"224","9725","559","3"
"940","4231","944","5"
"932","1157","626","2"
"533","9064","555","6"
"244","9129","786","9"
"706","3286","617","1"
"155","4108","580","1"
"338","4101","988","4"
"351","236","111","8"
"466","872","274","7"
"257","9168","149","6"
"245","140","829","1"
"287","8748","619","2"
"693","5532","653","3"
"896","3609","527","1"
"250","730","705","1"
"114","4964","115","8"
"452","350","734","3"
"666","2311","980","6"
"902","7954","483","2"
"264","4538","861","1"
"4","2494","32","2"
"463","8214","666","5"
"759","4519","84","5"
"857","4661","48","9"
"119","7451","244","6"
"770","2627","977","6"
"27","8276","695","1"
"450","9306","562","10"
"310","7428","675","3"
"532","8357","817","4"
"678","9175","170","10"
"618","3588","517","9"
"911","3534","943","4"
"673","4280","670","10"
"326","6105","120","10"
"685","1142","69","5"
"172","2732","735","9"
"841","4087","797","3"
"592","7946","73","7"
"369","3153","376","4"
"821","6803","480","3"
"184","6983","754","7"
"243","451","986","9"
"200","9299","918","10"
"57","3802","361","3"
"466","2508","587","4"
"856","1092","952","2"
"167","8840","245","8"
"515","9323","826","9"
"467","6234","141","8"
"807","9055","947","3"
"208","7897","714","8"
"251","5210","84","10"
"440","5389","892","5"
"673","4600","783","7"
"39","471","450","6"
"29","513","986","2"
"648","7519","176","5"
"617","1000","125","7"
"285","4175","999","9"
"341","2245","586","4"
"956","2858","768","5"
"921","5323","553","5"
"786","7489","283","4"
"634","1321","403","9"
"877","8295","914","8"
"742","3688","186","4"
"262","3222","201","10"
"115","9856","751","4"
"998","2162","472","8"
"687","3622","537","9"
"797","4520","396","2"
"745","2463","141","9"
"3","6239","59","4"
"848","4569","380","1"
"822","1723","606","3"
"959","4957","999","9"
"53","2572","66","4"
"340","7667","297","6"
"605","272","870","7"
"826","8144","678","1"
"133","412","15","5"
"855","2661","512","10"
"468","4623","278","3"
"144","1954","512","3"
"292","9971","86","4"
"556","5563","905","4"
"850","4125","119","8"
"83","9721","569","7"
"84","4289","191","6"
"931","7737","875","3"
"220","8065","434","9"
"252","2301","663","10"
"521","5610","400","1"
"783","4361","978","3"
"175","6308","644","3"
"450","9998","147","1"
"592","3332","189","10"
"896","1690","296","9"
"171","1768","75","9"
"391","5497","694","2"
"626","9367","529","9"
"313","3763","700","5"
"107","3885","151","5"
"557","3830","702","1"
"790","4232","985","10"
"940","6898","210","5"
"491","1035","470","2"
"809","6131","906","10"
"955","9532","576","3"
"436","3174","904","6"
"49","3697","819","4"
"832","8311","77","1"
"324","7479","191","5"
"410","7241","369","4"
"342","3755","783","3"
"799","3957","556","7"
"246","6820","359","7"
"938","6030","938","7"
"501","9490","930","8"
"690","1783","283","8"
"255","5349","915","9"
"775","7615","302","9"
"683","4377","528","3"
"340","6476","941","9"
"803","1266","35","1"
"702","5354","918","10"
"213","3387","613","6"
"200","7576","313","2"
"877","7900","95","6"
"447","904","89","8"
"204","3754","334","8"
"716","6427","402","6"
"471","2364","471","8"
"662","6093","614","10"
"376","693","424","8"
"515","4996","672","7"
"982","8991","380","7"
"650","9204","261","7"
"885","6573","323","4"
"126","9982","80","7"
"650","9770","402","6"
"203","7023","930","9"
"862","3603","408","6"
"524","4479","456","9"
"521","6696","266","2"
"37","9976","769","4"
"913","9685","493","7"
"396","7892","424","3"
"62","8800","400","5"
"646","1226","442","9"
"99","818","157","4"
"507","1719","437","10"
"209","4422","625","5"
"274","423","999","3"
"903","5427","925","9"
"23","3914","182","3"
"546","9928","916","9"
"235","8448","699","8"
"887","3232","728","9"
"701","4795","857","7"
"173","6598","166","7"
"694","42","231","5"
"858","5323","608","2"
"234","6117","166","1"
"740","8888","398","5"
"812","3701","526","4"
"903","7744","339","1"
"289","164","741","8"
"861","444","781","6"
"21","9511","457","3"
"545","270","398","2"
"135","525","299","6"
"634","8772","518","2"
"263","8311","120","4"
"356","2985","327","4"
"914","7211","436","2"
"855","4483","875","9"
"313","975","881","6"
"378","2669","772","3"
"210","7190","972","10"
"240","1256","712","3"
"254","4031","147","9"
"911","1443","550","7"
"750","218","834","6"
"664","9113","711","8"
"567","9521","950","6"
"338","2307","399","3"
"643","1626","622","4"
"409","841","476","9"
"673","802","53","5"
"517","5525","920","2"
"799","6303","16","2"
"267","5108","109","5"
"51","5418","345","10"
"555","3597","137","4"
"214","6617","50","1"
"104","3011","106","8"
"66","7679","763","1"
"487","174","848","5"
"397","9174","593","3"
"264","9772","10","1"
"2","4490","664","6"
"734","1383","731","10"
"765","5232","609","6"
"131","1608","766","3"
"285","770","903","8"
"122","7916","346","6"
"567","2057","988","1"
"877","4319","321","8"
"503","4353","807","6"
"778","3703","468","8"
"579","1475","273","8"
"884","9722","667","10"
"134","7251","735","9"
"924","8578","175","7"
"623","1554","459","10"
"968","2151","803","7"
"715","5402","494","2"
"90","8482","636","1"
"546","6569","280","1"
"597","6622","362","5"
"706","1958","139","3"
"562","1767","504","3"
"752","5574","656","3"
"734","7439","740","9"
"705","7484","331","10"
"98","9361","321","4"
"557","103","741","4"
"989","2911","566","2"
"962","4247","723","9"
"203","3027","769","10"
"900","1451","978","5"
"174","3435","428","5"
"637","4244","871","10"
"943","2755","270","6"
"352","8725","549","10"
"410","6161","447","6"
"153","7838","408","10"
"47","5576","33","5"
"998","4275","940","1"
"286","24","5","7"
"106","5296","78","6"
"870","923","465","1"
"652","3912","795","1"
"798","4660","810","4"
"263","8778","474","9"
"374","5473","449","10"
"146","1654","465","4"
"255","5486","346","3"
"257","2979","573","3"
"911","9080","503","10"
"137","2612","156","8"
"21","6014","196","7"
"19","9682","748","5"
"455","54","738","6"
"685","4445","137","3"
"786","7422","47","9"
"387","4099","271","1"
"150","7211","461","3"
"357","2329","303","6"
"396","8094","785","2"
"928","8662","979","4"
"928","9644","494","5"
"749","9153","75","9"
"542","5940","578","6"
"59","904","365","2"
"161","677","792","2"
"421","1391","576","3"
"386","917","759","7"
"703","7183","845","8"
"612","2465","978","8"
"551","5377","720","4"
"327","3215","44","8"
"569","4884","938","7"
"194","724","302","10"
"276","4591","422","9"
"960","6615","240","6"
"751","229","530","7"
"688","65","952","8"
"613","7004","169","8"
"811","9768","400","10"
"780","9392","736","7"
"586","6602","832","6"
"81","8846","116","10"
"960","4601","257","6"
"716","6158","625","8"
"322","9358","71","7"
"510","57","383","8"
"535","4474","651","8"
"822","8288","426","1"
"249","224","293","2"
"353","6510","890","7"
"361","1280","741","3"
"403","3204","492","8"
"985","3772","371","2"
"406","3151","921","10"
"36","9750","760","6"
"10","832","572","10"
"788","6304","227","5"
"571","6571","189","6"
"987","4421","632","8"
"341","1662","766","9"
"959","3943","164","2"
"368","7559","159","10"
"668","6040","779","3"
"356","6196","154","4"
"968","6920","109","6"
"908","4869","353","6"
"733","8948","589","8"
"86","375","40","8"
"990","8207","727","1"
"675","1056","265","5"
"46","3001","576","3"
"684","8717","525","5"
"726","804","213","7"
"641","6157","90","4"
"423","1920","272","10"
"302","4483","891","8"
"749","4090","343","6"
"223","1653","889","3"
"876","3818","452","5"
"795","9864","435","7"
"770","2615","432","3"
"779","6380","454","8"
"643","2077","779","3"
"853","9481","370","4"
"449","1798","682","10"
"840","2869","597","3"
"347","7454","373","4"
"940","3783","118","3"
"626","5469","409","10"
"735","8514","920","3"
"992","4652","270","2"
"413","9784","805","5"
"69","2720","920","8"
"284","674","858","4"
"727","2718","721","7"
"137","3205","855","6"
"906","3784","488","5"
"545","5811","44","2"
"634","5416","173","1"
"819","3605","964","5"
"674","5553","159","1"
"990","1240","224","7"
"653","2961","459","6"
"520","9553","968","10"
"375","4158","810","3"
"453","2426","197","1"
"931","7043","416","5"
"429","6672","849","10"
"922","4114","10","3"
"943","2002","167","10"
"29","6478","622","1"
"261","7158","55","4"
"508","5935","181","8"
"996","1436","887","9"
"963","3907","465","1"
"72","9269","715","5"
"395","7715","68","8"
"429","7733","349","9"
"573","8437","888","1"
"787","7524","419","1"
"113","1507","431","5"
"651","5925","917","10"
"472","1684","315","3"
"459","7843","51","6"
"167","2244","330","7"
"959","135","472","8"
"165","8592","691","7"
"412","4617","265","2"
"939","7629","449","5"
"734","9322","947","6"
"951","9807","270","8"
"252","5203","109","7"
"481","9034","30","9"
"916","5228","958","1"
"313","4056","806","3"
"373","4519","144","6"
"63","1682","897","8"
"825","8238","369","7"
"663","8840","886","4"
"890","6513","153","10"
"936","5490","884","5"
"730","4524","455","1"
"951","4412","35","8"
"421","4408","921","1"
"524","2416","894","1"
"764","1875","412","10"
"414","81","529","3"
"696","3562","879","4"
"448","6142","807","10"
"848","1586","714","7"
"627","7198","907","9"
"112","8427","377","7"
"471","2876","681","2"
"737","4873","994","6"
"373","1953","830","7"
"944","6334","989","9"
"310","4945","977","3"
"214","6116","722","3"
"213","9575","523","8"
"384","2248","931","10"
"193","9968","445","6"
"768","5829","981","4"
"387","7002","178","5"
"294","6325","866","10"
"730","5543","756","2"
"658","8141","742","10"
"289","5223","446","7"
"970","1838","280","1"
"561","7559","138","1"
"744","9073","322","8"
"42","1838","919","7"
"837","7703","904","4"
"0","2259","770","3"
"659","1697","718","3"
"369","9605","63","3"
"953","5105","500","9"
"893","9165","257","10"
"975","6424","108","6"
"691","4306","240","8"
"871","5351","94","3"
"249","3023","490","1"
"106","4365","246","6"
"905","7775","648","4"
"497","2118","479","7"
"188","134","504","7"
"866","6192","216","6"
"185","2405","507","8"
"909","4984","491","9"
"83","9891","148","10"
"633","4294","435","1"
"457","6184","166","7"
"548","3740","653","10"
"764","2122","991","1"
"907","8436","965","6"
"810","6242","608","7"
"977","4053","508","1"
"124","3985","883","1"
"672","4994","923","6"
"519","7090","928","2"
"289","4720","52","8"
"200","7420","723","9"
"901","5841","354","8"
"611","8703","827","10"
"553","6238","778","7"
"865","6183","42","3"
"434","7012","783","10"
"965","2732","109","5"
"631","9531","781","9"
"184","7284","670","10"
"310","2769","930","10"
"846","5954","797","8"
"919","5624","75","5"
"152","773","797","8"
"176","1581","513","9"
"387","6406","558","9"
"154","8313","105","5"
"796","5075","696","4"
"582","7689","143","2"
"926","6757","494","7"
"152","9567","466","2"
"791","3636","258","6"
"80","4811","125","2"
"915","2039","61","7"
"426","5355","688","7"
"339","4093","831","4"
"255","5346","588","1"
"435","6441","631","7"
"780","3308","381","2"
"357","211","622","9"
"228","7237","166","10"
"207","3429","395","9"
"926","4111","127","7"
"864","7534","299","3"
"129","3130","216","7"
"279","4278","20","5"
"668","9289","239","7"
"814","1249","494","1"
"567","5264","252","3"
"596","3077","459","2"
"630","1870","652","6"
"765","5902","23","8"
"811","5570","757","1"
"373","5948","378","8"
"703","2765","623","1"
"738","1305","586","2"
"938","3678","343","6"
"128","360","844","10"
"756","2961","8","3"
"904","5725","666","10"
"150","1786","720","10"
"874","4542","806","5"
"205","9850","552","3"
"630","4553","535","2"
"250","1885","837","6"
"186","8277","809","4"
"615","3407","200","8"
"775","7465","342","10"
"424","8200","531","4"
"175","2412","84","9"
"490","9647","190","2"
"98","8479","825","1"
"280","2090","349","3"
"889","7395","354","7"
"944","1944","350","6"
"294","5741","547","1"
"146","3500","69","2"
"231","9967","743","8"
"579","4413","228","6"
"785","872","672","5"
"793","447","22","6"
"689","6025","100","9"
"491","9171","325","1"
"135","529","635","7"
"252","3912","358","7"
"526","8957","947","10"
"102","4452","17","4"
"4","72","587","9"
"577","5466","224","3"
"292","8316","443","7"
"848","1554","534","1"
"885","6401","882","6"
"221","6649","890","6"
"883","7157","164","3"
"229","6965","981","4"
"71","5232","54","1"
"110","8363","451","9"
"852","8416","117","8"
"981","5893","3","1"
"8","6527","70","10"
"850","9572","454","4"
"442","4458","428","1"
"524","6027","70","6"
"679","6419","860","4"
"416","1616","812","1"
"932","6887","423","10"
"247","727","675","5"
"851","4337","253","6"
"986","4239","908","3"
"439","7689","274","6"
"966","4316","584","3"
"832","2391","610","10"
"125","1233","902","6"
"598","9498","380","3"
"360","424","667","2"
"195","8968","893","1"
"568","1757","383","3"
"642","6479","389","9"
"367","9806","798","3"
"442","8894","385","9"
"384","2311","345","2"
"620","6609","957","4"
"848","4797","353","4"
"49","6870","622","3"
"823","819","501","1"
"527","9230","286","4"
"994","1333","868","8"
"33","7006","108","9"
"542","4471","648","2"
"734","3206","718","2"
"407","7903","549","9"
"738","3674","796","4"
"800","8634","925","8"
"985","9422","681","4"
"730","4545","490","5"
"507","157","607","6"
"49","7722","720","8"
"211","642","666","6"
"518","5841","673","4"
"305","2788","401","2"
"240","5980","489","6"
"906","7143","51","2"
"316","7074","637","9"
"829","9959","745","7"
"199","9829","881","8"
"868","153","107","1"
"948","2547","686","2"
"813","1722","26","5"
"360","8593","964","3"
"118","865","811","1"
"697","4351","933","10"
"253","2264","118","10"
"894","456","291","8"
"409","1299","998","9"
"574","4255","638","6"
"907","9857","512","2"
"640","3891","909","5"
"847","7578","275","10"
"554","3083","96","3"
"511","3238","688","6"
"786","2060","608","10"
"17","3522","184","2"
"489","3776","430","4"
"838","27","85","4"
"691","2431","873","2"
"901","9322","858","7"
"846","7818","456","10"
"739","7005","926","9"
"894","6721","176","2"
"152","2507","176","4"
"919","8781","244","6"
"451","1825","427","2"
"231","7160","203","9"
"188","682","248","8"
"269","8737","457","7"
"11","7707","224","3"
"884","3714","481","10"
"805","9896","869","3"
"304","819","579","9"
"459","525","269","10"
"764","6662","753","2"
"891","2628","170","1"
"160","8948","280","2"
"923","2492","97","8"
"196","3673","395","9"
"683","2046","600","2"
"516","5085","548","3"
"715","1389","764","2"
"402","2793","426","5"
"984","3814","110","9"
"961","3324","322","7"
"660","4748","461","1"
"485","2292","798","8"
"824","4464","243","1"
"410","9144","410","8"
"124","9920","10","1"
"651","9991","700","10"
"125","9243","815","8"
"465","1392","54","1"
"585","5164","154","7"
"21","7579","112","10"
"872","2426","974","5"
"318","8537","510","8"
"905","5419","204","9"
"415","888","852","1"
