"7410","3509","9977","6"
"6140","2567","6146","3"
"3911","9684","1320","10"
"9485","3903","4603","8"
"2616","1918","6194","6"
"7288","6189","1680","9"
"2253","7362","3861","8"
"7773","3010","4250","2"
"1194","5782","7148","9"
"5110","9996","6636","4"
"3601","5708","2797","5"
"7605","9571","4277","6"
"5288","1602","484","6"
"3525","938","3311","3"
"9991","9709","6802","9"
"7038","2461","5989","2"
"3461","3124","8687","4"
"1590","8336","7132","6"
"286","5021","9677","7"
"3594","4896","8316","6"
"4636","6102","4390","8"
"8065","4661","1611","6"
"2045","5353","8806","9"
"2895","6076","8110","9"
"1564","6556","5679","6"
"5778","3515","9860","4"
"1248","696","3465","1"
"2685","4624","9244","5"
"1105","6722","3831","7"
"4803","884","4309","2"
"4574","1429","1563","5"
"7019","6281","1126","9"
"1500","3","2649","8"
"8830","441","9125","10"
"7503","1295","554","7"
"2327","5621","4038","7"
"4531","4941","8465","2"
"6539","6729","7993","4"
"9454","6968","1508","5"
"3891","3269","8905","4"
"4181","2454","5684","8"
"8661","5959","2344","4"
"8352","3750","4528","7"
"2589","6183","2260","9"
"4710","8692","742","8"
"6612","9941","4377","2"
"5138","9091","1376","2"
"7898","8955","2478","3"
"8902","1709","9527","6"
"483","7868","8","8"
"7485","7157","4784","8"
"2913","6654","6358","9"
"2588","8503","5252","4"
"1879","9092","2066","9"
"4148","2803","5918","6"
"8434","3188","111","4"
"5618","7042","1374","7"
"4807","3731","5866","2"
"6759","185","5821","1"
"484","730","537","6"
"1965","6075","6055","5"
"6247","4073","8214","9"
"107","3541","7567","2"
"5711","4512","3871","4"
"7749","3614","8103","6"
"7117","7600","6239","10"
"6736","9268","9202","4"
"9200","4973","6089","8"
"4295","1966","3104","1"
"5977","4672","605","8"
"4616","9156","8364","7"
"6673","4111","4399","7"
"492","5559","5714","7"
"9632","7956","8154","6"
"4251","7650","9323","5"
"1044","6867","3254","1"
"6600","4715","45","9"
"2779","1713","238","4"
"4701","4790","2843","2"
"4031","8816","1338","3"
"8108","7544","9095","10"
"2706","4033","4187","7"
"6824","2280","5796","2"
"4379","3855","306","6"
"5581","5569","1397","6"
"5128","876","6499","7"
"2007","1304","2321","9"
"7707","8763","8072","4"
"7881","865","1597","3"
"3440","5162","2949","9"
"7305","8705","4533","8"
"9331","1205","4598","5"
"6704","605","809","7"
"1042","9552","4356","2"
"6138","3162","319","7"
"5139","6589","6926","10"
"8150","4915","2864","10"
"5986","8017","9494","3"
"7976","8606","459","8"
"4823","2628","5894","7"
"8033","2166","826","3"
"3352","9574","8534","10"
"8026","2012","5352","7"
"8608","9114","6418","3"
"1668","731","9476","4"
"9138","6816","5299","8"
"1004","8090","8099","2"
"8431","6351","8342","10"
"3668","7973","5377","7"
"5813","9946","2251","9"
"52","7419","9935","1"
"9359","5885","8955","7"
"8741","2613","459","9"
"376","40","9824","6"
"7104","4883","3842","3"
"2120","7334","9881","5"
"9","2019","588","4"
"9983","1682","3076","6"
"5762","1858","6840","6"
"4711","2679","509","6"
"4176","3532","7435","3"
"4513","629","1550","5"
"3674","9150","8197","2"
"4079","3777","2207","6"
"2801","9075","5227","5"
"4226","9230","2843","4"
"8495","881","9447","2"
"4215","5363","2955","2"
"1913","3391","7730","5"
"8549","6703","1622","1"
"9741","3058","5377","1"
"3310","7898","3084","10"
"6828","7249","7567","6"
"1931","1847","3490","2"
"1775","4113","9073","7"
"5415","304","6061","2"
"8199","9226","8961","1"
"2532","752","355","8"
"7775","427","5251","8"
"1551","6074","3946","2"
"3868","7084","7811","3"
"8313","7682","6133","8"
"9954","3571","9940","4"
"7208","6114","8316","5"
"8855","1301","7465","9"
"7321","6147","7372","3"
"655","3454","5477","9"
"6394","6061","4060","6"
"3418","9582","4060","6"
"1588","7417","9980","5"
"1840","3511","5820","9"
"2341","9866","5176","7"
"2726","1250","3985","10"
"6967","6590","1192","5"
"4997","1691","2895","1"
"8369","1724","4826","8"
"1273","8704","9847","4"
"8503","9812","2745","4"
"4494","7008","357","3"
"3546","8239","6977","4"
"1783","343","4367","7"
"2961","999","8342","6"
"6419","9453","6530","5"
"5535","9604","7745","10"
"3192","8443","2407","9"
"1322","8380","7791","8"
"8449","8026","80","10"
"3215","7875","6357","8"
"7139","8353","5554","2"
"9491","142","944","6"
"1874","3690","1467","3"
"2648","7538","9439","7"
"93","2035","9739","4"
"3693","8675","3038","4"
"4355","6522","6485","8"
"9549","1750","7251","8"
"8131","6025","335","9"
"9071","7864","8276","10"
"203","1009","6982","8"
"1573","888","6312","7"
"5266","6317","9348","6"
"2895","4515","734","6"
"7818","8633","4289","8"
"3536","4102","7574","5"
"4334","5765","9244","6"
"6975","7868","6825","10"
"3994","3730","6417","7"
"994","98","9378","4"
"6018","8703","7381","9"
"3182","2276","5554","3"
"6251","3152","1727","10"
"6791","6602","423","8"
"8502","9920","2281","3"
"9458","2834","1956","4"
"1307","8157","85","8"
"9593","9646","4535","5"
"4648","7796","510","8"
"8478","2479","3557","8"
"7188","2558","8918","7"
"7346","3350","3939","3"
"9827","5254","6308","9"
"7795","2109","8315","4"
"7779","4802","7535","3"
"389","6389","3400","3"
"9278","5017","2940","8"
"2131","1595","845","5"
"7564","146","6890","1"
"3250","9395","2297","9"
"5371","2694","7144","10"
"2807","222","9232","7"
"938","3790","8403","3"
"8812","6435","826","7"
"9159","6095","8824","2"
"127","6714","2768","10"
"135","3266","4054","10"
"8277","3222","6267","6"
"853","4605","6306","1"
"7208","4184","8894","3"
"6069","3522","1921","2"
"9661","3928","9269","1"
"5089","3703","3142","10"
"8396","2742","9677","10"
"8573","1487","796","6"
"3591","938","8074","1"
"1628","2742","5523","4"
"3569","7454","7464","5"
"748","7724","8932","6"
"4332","6503","5352","4"
"8266","2813","423","7"
"278","5016","9125","3"
"4448","6072","7673","2"
"7811","8327","44","6"
"9703","5039","6061","9"
"3882","6925","157","6"
"3525","4326","5665","8"
"3915","9752","8868","3"
"6801","485","3926","6"
"2028","4006","4500","9"
"2982","1077","4235","2"
"9215","2243","761","1"
"4904","5912","9824","6"
"9333","7735","1087","8"
"3302","4876","6040","2"
"1718","6157","727","6"
"7364","9517","4228","4"
"8285","5508","7865","5"
"4297","8423","8571","4"
"6499","6470","4787","4"
"813","9824","85","4"
"4883","5035","8491","1"
"2567","9119","280","8"
"766","6562","8925","2"
"4411","5604","3762","6"
"2131","4886","8483","1"
"2360","4137","4975","5"
"9341","4333","3098","6"
"6994","6042","3931","4"
"2938","3887","6776","6"
"5599","9500","5627","9"
"2773","7370","7703","4"
"1301","4400","9244","3"
"7802","7039","6368","8"
"5785","4789","8223","5"
"6050","2304","1982","5"
"148","9010","9809","10"
"176","2430","8251","10"
"7272","6079","2272","1"
"8659","6155","9870","3"
"1554","6301","7424","8"
"7144","6119","136","7"
"5499","5625","6449","8"
"7503","6047","7283","10"
"3378","7985","2297","6"
"8298","792","4069","2"
"8868","5717","9932","6"
"1873","6362","9496","3"
"9590","6416","7492","7"
"5861","8178","3805","7"
"7887","6793","6921","9"
"6071","9973","6406","4"
"8338","3236","3762","5"
"7939","3147","2764","10"
"8479","7293","9015","2"
"5068","7907","7667","6"
"6166","3510","2579","7"
"683","1251","5790","1"
"2314","4972","5161","9"
"6756","44","3272","3"
"4898","810","530","4"
"3806","6556","5623","3"
"3930","8310","1417","3"
"3022","8475","7897","7"
"7057","8798","1904","9"
"6949","9221","6759","10"
"1470","2340","513","6"
"4263","2779","389","5"
"1016","472","6271","1"
"7373","1400","8841","1"
"3486","3237","9472","10"
"7403","3270","6691","4"
"8870","2772","9980","2"
"4080","9162","5434","2"
"1352","9082","163","9"
"281","5612","2764","2"
"3841","3292","8148","4"
"4134","5169","3502","9"
"2081","3572","1030","8"
"7638","2435","6888","4"
"7112","1817","4302","5"
"4773","4189","2583","8"
"9739","6165","5771","6"
"6775","5818","8020","9"
"919","964","7528","4"
"6910","8779","4607","1"
"8467","7702","8561","1"
"6217","5849","794","1"
"7112","2274","3262","10"
"1976","1399","6194","7"
"9545","6337","9783","2"
"7061","2961","8172","1"
"6832","157","335","1"
"8716","3254","883","1"
"4763","3132","1969","5"
"8596","8052","5626","10"
"7117","6956","6593","5"
"9326","2038","7565","4"
"8279","7216","2434","10"
"3341","3832","5469","8"
"2832","1363","8476","7"
"5405","6968","4483","6"
"6407","598","9660","10"
"7669","7298","44","8"
"5693","8527","9165","10"
"8402","6453","1693","6"
"4560","5806","4522","2"
"388","4629","5867","4"
"5241","4802","2376","10"
"7222","8492","3749","7"
"5713","2130","4788","10"
"2767","608","9081","3"
"7333","1889","1573","5"
"2286","3640","1330","9"
"442","6994","6901","8"
"6164","5495","7791","5"
"9618","8118","3465","9"
"2189","5303","4430","10"
"2149","8732","9909","3"
"562","5222","9225","2"
"2740","3716","509","7"
"9437","9141","2407","2"
"8227","2561","9419","6"
"4639","9180","3029","5"
"7038","9011","1211","6"
"9162","1947","7584","8"
"2914","7918","9085","4"
"4890","2029","9339","1"
"9343","883","7265","2"
"9840","6783","2171","3"
"9921","5361","761","4"
"5275","1643","7434","5"
"1757","4222","969","2"
"9147","4410","96","3"
"2972","7015","1956","6"
"88","1817","1904","8"
"2956","3758","6418","8"
"7632","2445","4296","5"
"4482","701","3099","1"
"6823","6681","6637","10"
"9229","9473","7490","6"
"7818","8949","6843","9"
"206","2686","227","6"
"9343","249","293","8"
"5070","5407","8382","1"
"8187","1124","6977","7"
"9265","455","9868","7"
"8272","322","7753","9"
"6549","4641","5824","7"
"8352","7988","190","3"
"5299","4816","6596","3"
"7428","4615","8885","2"
"6033","9086","238","10"
"3122","5332","7482","6"
"8299","3840","4826","10"
"1331","6070","8275","8"
"9081","5622","9244","8"
"6862","4529","6974","2"
"8961","7080","4483","1"
"3091","7570","1811","3"
"6631","7307","3829","5"
"3244","8717","2138","4"
"9980","6451","3784","2"
"2740","3821","9430","10"
"3759","5240","2281","7"
"785","9191","1318","2"
"2280","2325","2539","9"
"9104","4053","318","2"
"1680","5953","8919","9"
"2315","2064","7067","10"
"305","7011","3946","4"
"7448","4194","1467","5"
"4772","8572","87","6"
"3296","3739","5132","7"
"6528","5693","8106","9"
"682","2044","9783","5"
"4119","7027","1318","7"
"761","5250","403","10"
"8371","7525","5972","3"
"4322","1826","8230","4"
"4611","2484","6","1"
"1141","3019","8756","8"
"3065","7713","7993","6"
"8757","4249","4739","7"
"3881","5926","5659","10"
"6154","2779","7209","8"
"2025","2639","2481","6"
"7857","253","5053","7"
"6289","8301","5523","9"
"657","7104","8030","10"
"2449","7535","2197","2"
"2625","4142","163","2"
"4691","8","2138","10"
"5146","9835","6385","5"
"3119","3293","9454","1"
"2988","8250","3077","4"
"1792","9042","3735","9"
"4635","1586","8087","7"
"8865","5894","2031","10"
"3651","5625","7994","9"
"2023","8417","5112","6"
"8242","5841","468","8"
"1589","3960","3015","5"
"6959","5345","9513","8"
"7890","8552","5404","1"
"9203","8134","9898","8"
"8962","8971","1556","6"
"1701","1284","5036","9"
"1463","8363","7807","1"
"6635","5086","7283","8"
"583","4899","105","5"
"7895","7550","707","6"
"1881","1162","2242","1"
"4749","4381","3457","6"
"9851","3575","5110","9"
"325","131","4577","3"
"1203","3836","2140","3"
"8063","69","7261","6"
"7892","3046","663","7"
"2304","3217","2154","7"
"7689","9033","442","9"
"6683","9422","6765","1"
"1268","5393","1439","8"
"5295","4147","5333","7"
"5474","2086","9454","6"
"8276","1510","2067","1"
"1743","8320","2911","1"
"1758","9099","3577","2"
"7212","913","501","6"
"4825","9346","6308","8"
"1898","8332","2047","7"
"9616","9670","524","4"
"8018","4001","2895","2"
"4942","5579","3469","5"
"5196","2486","6680","4"
"729","7351","312","1"
"4674","773","8491","9"
"4436","6447","7438","1"
"9201","9215","2676","1"
"1419","5096","2066","3"
"7166","834","1054","1"
"4866","6012","4109","10"
"7848","9202","3691","1"
"2588","7656","1875","2"
"4649","5802","4757","2"
"6461","5396","3379","10"
"883","3314","5510","4"
"9601","8974","6221","2"
"134","4132","4069","4"
"1998","3399","7874","1"
"7648","7062","2987","5"
"1888","4272","1191","2"
"460","1752","4384","7"
"5825","8735","7579","4"
"6196","1259","3487","8"
"8615","9279","9392","8"
"3291","5048","2427","1"
"7610","5119","679","2"
"7509","6154","8206","6"
"1090","2187","8435","9"
"9137","6012","335","10"
"4643","1608","105","7"
"7942","9307","6185","5"
"7292","869","8519","10"
"808","2684","7203","7"
"7563","4632","5997","4"
"156","5420","2701","5"
"8576","6828","8093","4"
"7933","2217","4440","2"
"7936","86","3260","7"
"8989","3797","538","1"
"7433","5041","7275","10"
"1187","7715","294","3"
"5715","3523","6611","8"
"6158","1294","1309","4"
"5218","3325","7404","1"
"2656","9583","5714","8"
"9874","5103","4997","7"
"6513","6067","6075","6"
"515","50","2940","1"
"8300","1754","4863","5"
"6886","8605","107","6"
"7678","9050","3000","7"
"6702","5794","7943","8"
"286","3266","7565","8"
"5512","1802","9852","4"
"8549","52","4227","2"
"1742","8434","7289","7"
"5926","9687","9697","9"
"8045","5140","1384","2"
"4959","7638","1982","3"
"3469","6394","1438","10"
"7148","1208","4587","5"
"5468","8739","72","6"
"225","9329","5332","4"
"426","2615","2762","10"
"1414","5015","4787","6"
"8075","9490","792","6"
"3030","1543","2928","2"
"3719","8015","8668","5"
"8155","3393","727","3"
"8687","8576","8172","9"
"1567","4381","2940","9"
"6353","5592","8030","10"
"2194","8472","5258","6"
"5621","4815","6244","9"
"651","2564","2533","3"
"6851","8872","5986","9"
"2059","237","5839","8"
"878","8744","7804","4"
"5037","1043","658","6"
"8177","4426","4176","4"
"7655","2734","1128","9"
"767","3043","9486","10"
"2574","2715","8270","7"
"5514","2724","5858","10"
"2164","5624","3680","10"
"519","6699","1597","6"
"7555","265","9150","3"
"8952","8769","3410","8"
"7654","7476","5821","4"
"6874","4041","7005","6"
"6199","3191","9015","6"
"8396","4799","708","5"
"9532","1356","7372","1"
"81","1215","3410","5"
"1132","67","427","10"
"170","7761","2030","2"
"5608","3404","5566","9"
"2834","3704","2228","7"
"160","1690","982","1"
"5886","1594","7419","6"
"715","4682","4483","5"
"6912","734","1807","9"
"4025","2607","563","10"
"1513","5667","6646","7"
"3909","5000","5839","6"
"1126","8025","9461","4"
"4759","3830","5968","8"
"3010","152","4480","9"
"1606","8340","1798","3"
"2202","8545","5647","2"
"1024","3473","2587","7"
"9008","2510","9153","7"
"442","7471","6113","7"
"3891","4038","9529","5"
"4658","3004","9595","5"
"6431","8295","3407","3"
"2856","8359","473","7"
"5928","427","8394","7"
"5532","885","6637","5"
"5712","5060","5928","4"
"6910","7879","4313","7"
"5774","9747","9850","7"
"640","8471","5567","1"
"4992","7822","7124","2"
"2355","242","9417","2"
"8199","6281","5527","8"
"5696","2751","7369","5"
"1273","4881","8226","2"
"743","3802","2066","7"
"7193","302","2853","10"
"8979","3400","4069","7"
"718","8045","826","3"
"9491","508","5230","9"
"3410","8403","4059","1"
"350","5598","9630","4"
"2815","4398","4462","9"
"945","3160","2983","6"
"4224","414","144","3"
"6113","7896","5434","2"
"8191","8677","4042","8"
"388","67","8712","6"
"1976","2236","2019","1"
"2245","3417","4936","3"
"1886","7289","8628","9"
"8497","5356","6880","3"
"5897","4713","3067","8"
"4099","6337","4027","6"
"9520","6746","8029","8"
"1100","9656","8815","2"
"642","5896","6639","7"
"8322","4103","9190","10"
"7558","5830","1312","2"
"7965","2239","7286","4"
"2012","3664","6295","4"
"2054","2581","3696","3"
"5853","4275","5251","10"
"3912","167","9363","6"
"8106","3894","1811","10"
"8687","6100","6340","8"
"5542","9775","8543","3"
"9353","2860","7968","10"
"8189","7951","442","5"
"9146","4667","9935","4"
"2288","3302","4897","2"
"6324","2173","5665","4"
"2424","5348","7369","7"
"6122","8120","4085","7"
"1341","620","427","8"
"4359","7619","8020","2"
"3774","5818","3377","1"
"8038","4211","8636","8"
"4342","5172","9015","1"
"8169","4696","5333","7"
"2830","3238","13","1"
"7480","4837","8644","8"
"2899","5354","6445","4"
"5344","3952","4007","8"
"1575","4520","3132","9"
"8231","9472","2825","3"
"6469","7932","3369","6"
"3376","321","9611","3"
"6901","9455","2567","3"
"6749","4526","7150","7"
"8335","5389","3142","9"
"8546","9526","8110","10"
"7251","2996","171","1"
"5868","4056","8339","10"
"3907","5234","9378","5"
"4152","4725","6488","7"
"3271","3935","2768","7"
"8331","7839","3831","2"
"2802","1982","9909","2"
"9722","2268","554","2"
"1257","9141","2168","3"
"9925","291","5083","7"
"5800","7853","4249","7"
"9915","4269","9014","1"
"5545","8265","1529","10"
"3541","4971","2072","5"
"3933","9399","2373","8"
"1471","1478","1879","5"
"2761","5728","381","8"
"7920","2672","2467","9"
"9632","120","3487","10"
"3654","8516","8817","2"
"8636","1290","4499","3"
"3172","6690","5437","10"
"1838","5968","574","5"
"867","4614","76","6"
"8743","9874","2258","8"
"4244","6845","6041","8"
"2750","114","5530","6"
"4807","4835","7036","5"
"2259","438","1779","3"
"497","8089","2701","9"
"4043","9107","3896","2"
"3388","8313","9851","10"
"801","2296","6625","1"
"8327","2855","2589","9"
"1623","2008","4149","3"
"5650","693","9448","10"
"9341","6478","5833","7"
"1935","4376","3896","9"
"7397","602","1541","5"
"1737","3541","6113","8"
"3192","4985","8339","9"
"6022","5558","6312","3"
"6172","1023","8422","10"
"406","8056","6146","5"
"9533","9008","4580","8"
"6448","7056","1701","4"
"4728","3935","7921","4"
"5801","5002","9143","6"
"169","754","2864","3"
"4872","2269","3104","5"
"1104","3265","335","7"
"8894","3322","6974","2"
"9061","8793","8181","2"
"7025","4147","742","8"
"8832","4869","5036","6"
"271","4194","6141","9"
"4789","612","5587","9"
"6587","9271","6767","7"
"6438","3102","6267","6"
"4223","8198","7102","3"
"9491","5013","5539","1"
"7881","9232","5215","5"
"1915","3280","7897","10"
"6466","3502","6686","7"
"964","3475","7951","3"
"9044","2412","1556","4"
"430","8167","5158","5"
"3904","9512","9527","10"
"2635","7318","3254","5"
"2344","9377","9513","1"
"6150","7089","5771","1"
"9222","5112","5315","2"
"9145","752","2970","1"
"7991","2067","1224","1"
"1746","4909","8094","3"
"1951","992","1642","1"
"9447","9703","8366","1"
"3700","3603","9225","9"
"3302","6555","8273","4"
"2467","1023","8939","4"
"3602","6264","2404","2"
"4077","7417","8399","9"
"6693","4356","2056","10"
"8133","9612","7701","3"
"6585","8623","8366","10"
"5308","8556","7882","5"
"9193","3981","4126","6"
"8538","9799","7439","4"
"7293","2381","6650","8"
"389","6877","8154","10"
"2079","1515","8515","4"
"7130","2648","3407","3"
"3073","6514","3566","3"
"4395","9572","4539","1"
"2625","8480","167","4"
"9475","5865","4205","4"
"6775","690","1748","6"
"1866","1109","4755","1"
"2462","1398","794","5"
"7747","2831","6800","4"
"9934","8713","80","6"
"3275","9651","4543","6"
"8012","8333","5377","6"
"4703","9774","2481","1"
"1470","4604","3104","1"
"1230","4831","3739","8"
"5177","1450","3294","10"
"9171","8140","3084","10"
"8885","4962","6982","5"
"5010","7217","3539","8"
"8313","3482","3877","9"
"4188","268","9363","1"
"9993","4523","6588","9"
"8956","4888","4309","8"
"874","1337","6083","2"
"2839","458","6617","2"
"471","4073","6421","3"
"6035","3076","1834","10"
"4125","3097","4440","9"
"2994","3322","6977","5"
"660","2395","7144","5"
"7903","5904","7795","7"
"7414","7579","9980","7"
"8793","825","9165","8"
"4537","5119","5470","3"
"5313","4746","4204","2"
"8733","6105","2536","2"
"1542","4388","8046","3"
"107","1727","6357","3"
"6578","3916","7418","2"
"4585","5142","4311","2"
"2298","4697","2477","9"
"8452","9741","1029","6"
"9056","5756","5627","3"
"9193","2654","2031","7"
"9571","3915","4055","7"
"3095","7830","4799","2"
"8143","1830","8675","5"
"3653","9850","9298","1"
"3121","4891","7148","8"
"5183","270","3597","7"
"5212","2796","4318","7"
"2744","4883","1046","2"
"66","2794","3696","10"
"7734","6038","4089","6"
"6406","8205","548","10"
"2765","1632","9990","5"
"841","7606","8106","7"
"7784","5284","294","9"
"1328","1441","3896","10"
"1315","8865","2742","4"
"6152","7703","5509","8"
"4110","4198","704","1"
"7205","4035","6445","6"
"2879","7556","8093","8"
"1368","8297","4655","6"
"3081","3470","9039","9"
"7685","8225","3139","4"
"7654","3779","6479","2"
"5121","3025","13","3"
"8583","2509","3262","9"
"553","683","6210","3"
"6501","2169","5836","2"
"676","3635","4597","5"
"6840","8002","1580","5"
"8957","5889","2688","9"
"6926","9164","3292","2"
"1283","39","3916","2"
"6428","7892","2770","10"
"3820","1629","6792","6"
"2227","1018","6267","2"
"640","1085","6427","8"
"4759","8323","6083","1"
"100","4071","8339","6"
"2092","826","4947","6"
"9595","6986","8188","6"
"3599","1359","4480","6"
"8186","3505","3715","2"
"1487","7464","4994","5"
"1372","2866","3369","7"
"4762","7715","7791","9"
"9886","1047","3666","1"
"8031","3519","5597","10"
"1792","5720","6365","9"
"3900","877","1986","2"
"1815","8877","3292","6"
"983","4866","7796","5"
"4768","6330","8252","7"
"6234","7473","8791","10"
"112","2453","4264","2"
"3403","6910","76","5"
"7409","5358","5757","1"
"5601","9635","1823","7"
"1111","2098","5477","6"
"129","6764","2047","7"
"4504","8666","335","6"
"5035","9449","9014","1"
"6083","7484","1573","10"
"5898","4894","4781","2"
"2146","1139","2895","9"
"1384","3035","3164","2"
"310","4175","5941","4"
"2584","2730","5647","4"
"3318","4282","7381","6"
"6878","9710","442","3"
"2302","7698","8188","2"
"1175","5664","9038","4"
"9613","449","9513","10"
"5778","3454","633","8"
"7987","8604","7209","5"
"7282","9028","8359","5"
"466","9072","2047","7"
"7960","5505","3023","5"
"6108","610","1065","10"
"4450","1185","4176","1"
"6568","5434","8314","8"
"5923","8836","9519","10"
"7823","8466","5387","1"
"3435","6119","3289","3"
"1677","9825","9189","8"
"400","2836","76","2"
"968","916","1957","4"
"246","1589","6045","2"
"5560","4985","5332","10"
"5629","9432","5339","9"
"7153","3403","5257","4"
"5098","2195","9079","4"
"5884","5390","72","7"
"4868","1130","2162","1"
"4637","5747","3762","10"
"7852","6796","3228","2"
"5296","8407","1076","9"
"7466","5645","9747","2"
"8740","6233","8342","1"
"3272","8253","5377","9"
"5438","269","4716","7"
"4293","2797","6075","3"
"5370","7674","835","1"
"8329","1974","2321","10"
"4586","6468","9092","6"
"3748","2821","5315","2"
"7257","4450","1824","5"
"263","3604","8606","8"
"8261","7058","8766","1"
"4900","9406","7574","8"
"9156","414","3009","1"
"2490","5796","3842","3"
"3073","9333","3255","6"
"7261","9035","6417","2"
"507","5811","7275","3"
"9099","6586","956","8"
"6071","7115","5040","2"
"4601","2143","2863","7"
"5862","192","1479","10"
"1927","3645","3831","8"
"8512","6642","8806","3"
"5519","1402","2649","9"
"1896","6030","6596","7"
"9441","1441","5252","8"
"9819","7374","3366","9"
"4165","5214","1807","7"
"2121","2908","3536","2"
"1443","2264","4227","7"
"1112","4965","4377","8"
"822","7230","7080","1"
"3337","8505","1376","9"
"6394","5459","3228","6"
"2378","192","4955","5"
"2197","9251","817","1"
"3000","7526","8366","9"
"6951","8708","4089","2"
"5743","3680","297","6"
"2915","7446","6141","3"
"5331","7981","3666","1"
"275","1776","9993","7"
"7443","7982","6567","2"
"5340","547","1550","3"
"3139","2715","9392","2"
"556","6555","6977","1"
"1588","2876","6650","9"
"5932","4460","2061","2"
"9261","9614","7637","3"
"1557","8145","9954","9"
"5897","5889","8099","2"
"4374","5303","7374","6"
"5680","3472","491","2"
"5334","3162","8676","4"
"7330","6336","974","5"
"2354","3929","2079","8"
"1629","2282","5210","1"
"6492","198","5780","4"
"4625","8703","1813","9"
"3985","7162","4212","7"
"6633","6273","6418","2"
"5825","1118","2237","1"
"4982","4872","9323","4"
"7717","1024","6485","7"
"1155","1050","6","8"
"6911","7729","9476","2"
"2192","6388","2895","10"
"4379","6198","7556","10"
"3327","2133","7958","6"
"6480","7157","1829","8"
"4714","6437","8682","2"
"9355","8751","708","1"
"3070","3127","2571","5"
"2791","7396","6045","2"
"5377","8462","5189","4"
"3750","7047","4187","5"
"1309","2329","3809","2"
"2074","5074","80","6"
"8611","2617","8695","3"
"8704","4807","9298","8"
"5984","581","6312","7"
"9357","8322","6625","4"
"4707","5715","4597","5"
"123","9234","6825","1"
"1718","8797","7111","1"
"3471","8455","6802","1"
"2759","2996","6960","9"
"5875","3429","1554","9"
"4969","4143","7887","7"
"1154","1911","8478","7"
"1240","2373","2994","5"
"7378","1590","1214","7"
"7175","9125","2302","2"
"6153","5211","7176","6"
"5253","8332","2771","9"
"9165","79","1059","2"
"1741","5912","5937","8"
"1745","7796","227","5"
"6036","1569","1453","8"
"8596","9047","6505","5"
"5550","9630","5215","9"
"5371","8386","2155","7"
"4649","6710","9288","3"
"9065","7991","8898","6"
"1480","8551","4149","7"
"5056","6254","5958","10"
"8709","7873","4307","2"
"2940","1697","2356","4"
"8633","209","8197","4"
"2754","6827","6617","5"
"3718","8682","9909","5"
"4528","3152","7714","10"
"8255","644","6146","7"
"5000","829","8635","8"
"9255","7556","3562","4"
"2223","6373","2951","10"
"6272","3807","6498","4"
"4915","8246","9472","4"
"109","5741","246","6"
"9331","8974","6081","4"
"7545","6685","5783","9"
"1884","9940","9881","9"
"4894","4943","8934","7"
"6109","670","7810","4"
"4939","3030","5227","1"
"8288","5139","8939","2"
"4173","6613","105","3"
"4060","9307","5972","4"
"5117","4419","9621","4"
"2349","5303","2160","10"
"6330","3024","7824","3"
"4110","5479","8529","2"
"4511","3053","6465","8"
"2249","3530","1797","6"
"3492","3971","3872","2"
"5100","6882","2191","10"
"3711","2806","5654","2"
"4822","6628","4500","9"
"6748","1400","3423","3"
"9474","1938","658","5"
"8826","6239","3228","7"
"4357","7900","111","7"
"7873","4313","9043","7"
"5502","5709","8421","6"
"850","7030","6357","1"
"7928","625","6611","9"
"211","3897","8759","5"
"8048","322","9904","6"
"3151","7594","8288","10"
"433","9886","5685","8"
"9635","3974","8905","2"
"229","6585","2662","5"
"302","2216","127","10"
"8355","3473","6518","8"
"7824","9514","8973","1"
"3361","9821","2308","9"
"255","7863","3597","4"
"3156","4324","9578","8"
"7398","4161","3029","8"
"6097","8647","6357","9"
"4326","7277","8106","1"
"3372","683","554","5"
"4402","569","4863","6"
"6613","9415","2270","4"
"9955","6832","5972","3"
"356","3053","1875","1"
"4612","2551","4577","5"
"2913","5619","7795","1"
"3350","8296","6157","2"
"9598","1533","6569","7"
"7056","7626","9955","1"
"5324","7507","9860","3"
"754","5475","680","7"
"9423","3714","588","6"
"7710","9384","4587","9"
"6275","4896","9052","2"
"7333","5495","4480","6"
"1585","77","8213","4"
"7887","4907","9643","9"
"8874","1891","5968","3"
"3807","5384","1550","7"
"8247","6153","9033","5"
"5015","8971","2764","8"
"5053","9033","6971","8"
"7725","1311","8571","10"
"3702","9815","412","5"
"9591","8300","1371","5"
"5601","8016","7150","4"
"6093","8028","1046","4"
"6342","4222","7517","4"
"7186","9796","9538","6"
"4946","7402","387","7"
"2597","3977","1982","8"
"8017","5276","5351","2"
"2491","1182","5224","7"
"7757","6585","5894","3"
"9125","9434","8154","3"
"9878","2000","997","5"
"126","7334","2072","7"
"8878","9942","9876","1"
"2240","1056","3564","1"
"6120","2563","355","3"
"885","880","3579","1"
"1957","9716","2820","6"
"2828","3995","6462","5"
"1236","4086","3038","10"
"1171","9955","6636","7"
"1370","4785","9092","3"
"6071","8206","7617","10"
"571","4474","1528","6"
"6273","5133","1312","6"
"6412","5433","42","3"
"8559","643","79","2"
"5511","6807","543","4"
"1775","9188","5941","1"
"2314","6620","8094","8"
"2822","3047","6235","4"
"4102","810","6210","3"
"6011","6666","8925","7"
"59","9313","7399","1"
"1151","2760","2684","10"
"8258","6638","7089","8"
"4475","4368","7111","7"
"6135","264","4578","5"
"7575","3288","6453","6"
"6869","6114","4277","10"
"2901","1443","3015","2"
"601","5953","5742","8"
"8399","3450","6453","8"
"2894","9927","3969","2"
"8207","4040","8209","6"
"6322","213","2529","4"
"4084","7368","7617","9"
"2162","7462","6781","6"
"492","6567","530","1"
"7139","8189","8472","7"
"5455","3194","5241","6"
"9718","2361","6239","5"
"8600","76","4982","4"
"6206","6094","3916","5"
"1933","2839","836","7"
"5406","6667","7088","2"
"7050","1357","4906","8"
"3602","4683","4430","9"
"1619","8150","5477","6"
"7229","7597","2766","3"
"1233","4254","9442","1"
"8994","4108","8994","3"
"3573","1461","5364","1"
"8560","1220","9476","10"
"9585","1657","5066","4"
"3082","8686","2090","3"
"8525","4264","2258","7"
"2418","3222","3715","2"
"7548","2432","2766","3"
"9096","4295","1439","6"
"1891","8717","6113","3"
"8665","9423","1811","5"
"2981","710","809","7"
"3154","9264","4975","5"
"2370","3852","609","6"
"7960","6379","3300","8"
"7935","9354","3847","10"
"8880","1788","6488","8"
"191","8150","1384","2"
"4386","1239","3931","9"
"2931","4771","9527","9"
"7678","2012","9176","8"
"2483","8107","340","8"
"2354","6024","5185","5"
"8450","4042","1693","5"
"8186","3868","3809","9"
"3577","5805","679","10"
"7438","1913","5251","7"
"9780","5442","5479","4"
"326","4097","4186","5"
"6124","6312","643","2"
"5939","7286","1797","7"
"600","3916","1815","10"
"8350","8077","2081","9"
"411","1936","427","6"
"7417","5052","3278","10"
"435","5397","4054","9"
"2513","1897","1971","2"
"5637","3260","9081","8"
"2918","2621","5775","10"
"6540","9060","310","5"
"8904","4127","7753","4"
"3582","4129","4462","5"
"35","9150","4644","6"
"9282","3971","1552","2"
"1561","1096","389","1"
"4394","3433","1029","2"
"1745","5611","2911","5"
"9774","6039","6308","10"
"2910","2389","1641","6"
"3546","9939","3883","3"
"8367","3269","4975","8"
"535","9145","2903","5"
"4222","3620","352","4"
"6445","9873","4607","3"
"6687","5377","6259","8"
"5471","6540","8305","9"
"9911","5214","280","4"
"1972","5446","5411","5"
"9482","4525","7372","5"
"5419","834","6233","6"
"5221","9202","9039","1"
"6555","1566","6054","8"
"6403","7429","3684","5"
"4381","9378","3290","9"
"3166","6624","2460","5"
"1741","3565","9576","8"
"4315","9979","2334","3"
"9594","1563","5610","7"
"502","2269","5224","4"
"265","9553","8206","10"
"9218","9361","4949","10"
"6379","9572","9862","8"
"973","5904","8362","10"
"5165","6777","625","7"
"6455","5327","9339","4"
"5755","9538","4447","2"
"5223","3057","3597","9"
"1237","7293","4384","9"
"8212","6089","6550","4"
"6061","5342","2639","7"
"8539","7366","2344","1"
"7513","9401","9319","2"
"2498","9294","9014","3"
"2031","3687","6926","9"
"9017","3399","5732","6"
"6765","5796","6445","8"
"5408","9946","3731","4"
"6793","7061","1288","8"
"296","6191","7795","4"
"3283","7551","4580","3"
"3585","5842","8306","4"
"502","4994","6943","3"
"5198","8156","5408","1"
"9023","8516","6020","9"
"5777","355","86","5"
"3787","5747","1807","7"
"87","889","9225","8"
"7710","7830","1807","4"
"4648","6024","3153","10"
"3095","8753","5351","9"
"6847","1529","9990","8"
"2177","3300","7457","7"
"8081","8768","45","10"
"9497","3673","6991","5"
"9031","2538","3755","4"
"6524","2236","4419","5"
"9730","781","4188","7"
"9781","176","3896","3"
"3258","5605","3378","10"
"6603","5043","3015","4"
"9535","6353","9806","6"
"9147","3008","1981","5"
"5531","5476","5146","4"
"3772","7703","382","10"
"3041","7442","5252","6"
"6188","5990","5182","6"
"9649","9269","8364","4"
"1380","5308","6523","8"
"146","7622","7745","7"
"5","6252","4948","3"
"5298","3809","4371","7"
"8196","9770","3368","2"
"4362","2323","7879","5"
"8206","2799","7144","3"
"8508","5406","7755","4"
"1584","2343","9752","5"
"3168","270","9079","8"
"4468","288","3368","8"
"6442","5431","8307","1"
"7992","6468","2262","10"
"6638","4183","6513","5"
"6532","8745","2579","9"
"5829","1001","6112","10"
"1429","657","6083","10"
"593","786","3079","9"
"6406","2860","7703","8"
"1413","80","9202","3"
"1702","4082","4715","6"
"8448","9709","3092","6"
"1601","8454","6722","7"
"932","202","171","1"
"8272","1211","2940","3"
"2059","1905","2368","7"
"4623","1988","1054","7"
"7826","932","4870","6"
"9439","7229","4719","6"
"4586","8122","3515","8"
"3942","3109","8030","2"
"3744","7631","7565","9"
"9015","8962","6061","8"
"8169","5965","7990","10"
"7199","8668","8816","5"
"5888","9928","7254","8"
"9016","1405","2688","8"
"5789","4448","1386","5"
"635","9570","3536","5"
"2334","5101","5614","3"
"561","4372","8318","3"
"6528","6160","7111","10"
"5464","7009","4042","4"
"6739","4921","2529","2"
"981","805","1068","6"
"7702","2107","7275","4"
"7576","2415","3368","7"
"679","3875","6569","4"
"3457","6163","8023","6"
"2032","9457","835","10"
"1717","7257","2853","2"
"3840","1500","3193","5"
"7429","3869","2699","1"
"1746","3685","9909","2"
"8610","891","2751","10"
"6888","4838","5958","10"
"7336","4684","7040","9"
"4519","5743","9258","2"
"733","4735","3877","5"
"6120","4730","4389","7"
"2557","9458","8491","3"
"8984","15","8030","3"
"5864","2200","8701","5"
"6941","4226","6800","8"
"2806","2813","2197","9"
"8692","5363","2987","2"
"7500","9813","4948","1"
"2463","3851","7283","9"
"2005","7329","8973","3"
"6138","2775","8316","9"
"7453","4208","3430","2"
"2984","6047","6469","9"
"3715","7126","8318","10"
"553","6295","5096","2"
"5094","45","8789","1"
"4232","7683","7946","10"
"1697","6953","826","5"
"2545","1523","3916","2"
"6061","2047","909","10"
"8105","3116","3881","7"
"9951","4527","81","3"
"8058","20","5176","6"
"8224","3480","6650","9"
"582","3090","7987","10"
"2895","7630","1496","9"
"1933","4821","5858","10"
"9897","1764","4651","6"
"3362","3580","335","8"
"7317","873","9288","6"
"1749","9161","8474","7"
"3808","7891","3386","8"
"2313","3616","3592","5"
"6025","5597","9877","5"
"4691","6759","1875","4"
"2813","1696","9522","9"
"4703","7622","4800","8"
"6471","884","2006","10"
"8774","7422","5048","9"
"1490","3824","5623","9"
"5162","8583","8934","9"
"2006","458","3691","6"
"7286","46","4954","5"
"1447","4077","7176","3"
"3164","6958","4007","8"
"3904","6412","4786","6"
"2401","9411","822","7"
"1915","7925","4345","5"
"6149","9766","8154","5"
"7646","7546","5647","7"
"519","6245","7533","2"
"3545","3687","9292","3"
"8860","3125","1163","6"
"8502","3846","3789","8"
"5639","4701","7010","4"
"3209","4069","4052","9"
"4231","6631","3268","2"
"634","8070","1439","6"
"5868","7381","1639","7"
"8648","8680","2076","9"
"740","6686","9704","9"
"811","1425","1315","2"
"5731","4500","484","7"
"1461","4917","6112","10"
"7817","8707","3660","5"
"5393","9539","2356","6"
"8254","1183","3182","9"
"8913","6004","5839","9"
"4547","2981","2284","9"
"1404","5256","2140","3"
"325","813","1334","6"
"4753","360","7807","5"
"1722","7184","6575","4"
"2244","6842","8886","10"
"2056","5175","8023","1"
"1637","2966","1164","5"
"1075","8042","3536","5"
"7847","5939","7385","6"
"6476","5355","1310","5"
"2409","1439","643","7"
"9107","3029","5277","2"
"2681","4508","3278","5"
"9488","3536","9417","6"
"9470","7031","7424","1"
"6408","677","4430","9"
"4851","642","7323","9"
"2891","3117","7971","7"
"3141","7383","1727","8"
"4377","1134","524","6"
"3131","8990","6550","3"
"2270","7454","548","4"
"8408","8073","6971","4"
"3679","5738","9261","7"
"1848","1899","3142","8"
"8811","879","4264","1"
"1336","8064","2920","10"
"512","4709","883","10"
"8130","7968","6800","7"
"6286","872","6083","4"
"6175","364","718","9"
"3736","9517","8329","10"
"8667","9399","6510","1"
"9035","9809","4204","1"
"3261","3308","318","4"
"9933","246","4642","8"
"8094","3548","6210","9"
"381","9854","4002","8"
"9431","4525","2588","7"
"7157","3583","7261","10"
"821","1819","1931","8"
"2687","14","1638","1"
"4859","575","6488","4"
"5936","4045","5517","9"
"3274","5852","5986","10"
"7331","7491","9288","2"
"6721","7980","9472","3"
"1837","9194","9125","10"
"4651","4892","3379","9"
"448","439","1320","7"
"3802","8549","2962","10"
"2319","6220","5185","5"
"8100","738","543","3"
"3732","6479","9176","2"
"7477","8659","3555","10"
"8299","3657","319","1"
"3500","8021","2533","3"
"3078","3596","1101","3"
"8616","5992","4186","7"
"5220","829","1717","2"
"1900","3613","6523","2"
"8167","3329","5836","2"
"2365","7521","8797","9"
"4531","8965","3453","9"
"291","537","9904","4"
"5634","9417","8362","6"
"2877","5881","9693","4"
"8839","931","3079","9"
"5510","9373","1667","9"
"1474","2107","6267","7"
"8445","9154","6320","5"
"4127","4636","359","9"
"2524","892","6106","7"
"7433","3122","5408","10"
"7127","172","6050","3"
"9825","8920","8409","6"
"6403","3672","8359","5"
"7071","5129","4052","3"
"6896","276","6482","4"
"799","1258","71","6"
"9535","2588","833","8"
"8357","3560","6890","10"
"9091","2786","6781","3"
"8985","7896","136","5"
"3745","8763","3539","3"
"6113","5441","704","5"
"5157","9469","9876","1"
"4293","6228","4528","5"
"7636","1155","9620","1"
"3909","3573","1172","3"
"5684","2421","543","1"
"1958","1027","9475","1"
"4938","8639","2676","10"
"8332","3860","8776","7"
"8208","7955","3134","10"
"7403","428","8894","4"
"3632","2571","3400","2"
"3278","2242","6914","3"
"819","6032","1397","5"
"6546","4548","5045","4"
"3246","2002","3193","7"
"438","6741","9479","6"
"7236","1492","6087","9"
"3273","4071","5803","1"
"4627","781","80","1"
"4168","3546","9319","10"
"5439","4569","8636","3"
"5345","3655","5297","3"
"167","5292","2733","4"
"4448","5200","246","3"
"9406","6530","9379","9"
"996","2336","9153","5"
"4568","6019","8584","7"
"116","3499","8636","9"
"2876","6363","3382","5"
"7368","1447","7617","7"
"2285","7232","6461","9"
"1171","9131","4038","2"
"1689","4069","2091","6"
"2769","145","9909","9"
"4294","1325","8256","5"
"2434","1430","1797","7"
"3849","3918","1013","7"
"8961","9047","2182","7"
"8070","2672","2583","5"
"1681","6572","8474","5"
"3774","2301","7005","1"
"3044","7111","9910","1"
"8663","9304","4209","3"
"8267","7020","2698","9"
"5477","7467","9527","7"
"5228","521","2599","10"
"789","3152","9487","2"
"196","8345","822","8"
"8707","6402","774","3"
"4294","1915","8029","6"
"2613","2164","3557","9"
"4821","375","7822","1"
"3674","9441","306","9"
"5238","5834","7251","8"
"6647","1182","7215","4"
"1715","1284","2174","7"
"748","4467","1401","3"
"8179","5738","7091","10"
"3652","571","9378","2"
"6829","4919","5679","8"
"4109","1178","8578","6"
"7733","8123","8795","6"
"2659","436","5223","1"
"1515","6961","9620","10"
"6907","1672","7340","7"
"848","3773","1371","8"
"3796","3850","9447","10"
"1098","4539","5158","2"
"460","7968","4921","1"
"2677","7200","5813","7"
"3183","2006","5404","10"
"4385","3293","8939","6"
"7291","4297","8671","9"
"986","7645","1527","1"
"9442","2356","8901","7"
"6126","641","8932","3"
"3220","6236","9142","3"
"9935","3547","8410","1"
"7262","5138","9850","7"
"8005","4898","5115","10"
"9873","179","1401","3"
"5329","3283","734","4"
"9006","7091","7148","5"
"4899","8945","8154","4"
"2668","4773","1106","3"
"9936","1054","2539","7"
"6646","9692","6212","1"
"3131","5426","3684","4"
"7351","9393","5223","8"
"5352","3200","602","9"
"1401","6458","6563","5"
"8217","6784","3153","4"
"1592","3045","9964","1"
"1240","300","5821","9"
"8845","2643","9288","4"
"8416","4562","4587","5"
"4499","4433","5528","4"
"7494","4413","7974","7"
"6453","9038","7753","6"
"6323","3662","8628","10"
"4234","7088","5241","7"
"9026","1334","6055","1"
"1417","457","1309","4"
"4638","9098","2697","3"
"5865","290","7419","8"
"8300","6033","4982","4"
"8825","7765","5294","1"
"5453","4264","4187","10"
"4548","6940","3729","6"
"6601","6591","4499","3"
"7373","4090","7321","7"
"513","1383","2768","7"
"773","2625","9661","5"
"1813","2716","8994","6"
"4947","8293","9847","1"
"8813","2798","3749","8"
"8836","6295","8151","9"
"1021","5864","4598","2"
"9857","2025","9487","2"
"4408","5384","4250","1"
"5204","6049","3188","1"
"1273","463","1479","7"
"1857","2604","4131","10"
"7560","3548","8478","8"
"5060","8178","1230","6"
"6514","558","7604","2"
"4156","1210","1397","10"
"3709","1236","8898","4"
"1780","1440","7369","4"
"3985","7286","5632","10"
"1327","795","8552","3"
"8944","5534","633","9"
"982","8","5523","10"
"2546","7086","5858","8"
"4905","1635","6769","7"
"9877","8415","4260","3"
"4825","3009","6083","6"
"7043","4857","5654","5"
"3388","9653","6843","7"
"8106","2914","3002","10"
"7023","229","1128","2"
"9842","4521","17","3"
"4869","8813","2384","6"
"648","7925","8463","3"
"4894","5182","7036","1"
"2946","2036","4462","5"
"1649","6820","1444","3"
"277","7456","571","7"
"233","9855","4716","10"
"7886","8565","7887","7"
"5977","3277","5930","10"
"7298","1985","4941","7"
"1260","566","2287","2"
"3916","3955","712","7"
"6560","704","7570","9"
"1511","2353","8824","2"
"6496","5568","5692","1"
"4700","5394","3539","2"
"9960","5262","7769","3"
"9509","3499","124","5"
"6939","385","856","9"
"2791","6082","3666","6"
"1353","7705","5477","2"
"265","999","6310","2"
"2250","3319","5182","7"
"3962","9906","5714","1"
"9993","2465","6","2"
"253","4070","8083","6"
"5146","7030","2555","7"
"2947","3090","96","1"
"7195","2254","4655","6"
"9019","833","1376","2"
"6150","6179","9940","3"
"549","35","3750","9"
"5057","7662","9752","5"
"1292","4620","7269","4"
"4866","3028","633","9"
"6158","2121","4389","8"
"446","4512","5528","2"
"1817","8210","4897","3"
"4264","411","7584","2"
"3857","4051","4577","4"
"5508","3873","3500","5"
"7372","3004","1529","6"
"9701","8712","2030","9"
"8940","5536","2211","4"
"9992","6257","5517","9"
"4530","8229","1777","4"
"6554","8522","3609","1"
"4809","6698","8841","5"
"2830","528","4715","4"
"6607","7835","531","9"
"761","9408","5928","10"
"816","909","4936","8"
"9902","589","7921","8"
"5723","4752","8806","10"
"5203","7601","655","5"
"631","2469","3457","7"
"9706","7405","3985","7"
"1019","2832","1330","8"
"3321","3210","3465","4"
"4063","6959","236","8"
"4130","4123","7745","4"
"4537","5371","1214","2"
"429","9715","891","10"
"2600","1963","2583","2"
"7830","6407","4948","5"
"5904","9469","1522","2"
"2370","9108","4313","10"
"9131","432","742","1"
"3917","8777","2908","5"
"2463","8730","475","4"
"6700","86","3038","5"
"9037","3287","3278","9"
"511","1677","7657","6"
"595","9451","4997","2"
"2079","3048","5332","2"
"5198","1658","2911","2"
"185","94","3731","2"
"2755","6468","6443","2"
"7372","5016","1779","4"
"4358","4783","2072","6"
"5124","3273","2782","3"
"3552","3223","2373","1"
"8893","6567","7516","10"
"730","3533","1174","9"
"9500","6659","8399","2"
"8850","1051","1207","5"
"8741","1182","1971","9"
"8376","8167","8124","3"
"8650","8826","6226","2"
"3582","5618","7385","7"
"1058","3158","6882","10"
"3764","2344","2555","8"
"7540","5317","571","5"
"5730","9399","5877","3"
"7512","7094","5496","6"
"680","5211","2460","5"
"8470","8687","9101","6"
"9622","7833","6061","5"
"5949","4384","7533","3"
"3744","5281","3826","7"
"9026","5547","4586","10"
"5429","1793","7570","7"
"3340","3603","157","8"
"9973","3296","6602","1"
"9516","8151","9940","5"
"4237","4381","4271","10"
"8642","234","5833","9"
"9184","7985","1123","1"
"3192","6092","5718","5"
"7540","9766","9154","1"
"3410","3039","7322","8"
"2628","497","822","4"
"6862","8296","8188","8"
"3862","1495","2006","7"
"8670","3888","5371","2"
"3461","3399","4856","10"
"926","547","4720","10"
"3723","6918","659","1"
"1195","8658","4052","8"
"1989","7251","8595","3"
"9178","2126","4204","7"
"957","9343","4268","6"
"4426","6162","6112","3"
"7698","4105","3564","1"
"4693","1168","5408","9"
"7757","365","3917","4"
"428","6168","2162","2"
"234","5901","4644","8"
"4067","8921","3029","10"
"3976","9041","1281","7"
"5437","2378","6226","9"
"9785","5822","6527","3"
"4973","3818","382","1"
"516","7846","1386","6"
"4499","504","2197","5"
"2102","2752","3471","1"
"9134","7006","5682","6"
"3238","1191","6261","1"
"7079","4500","8858","10"
"3311","6737","6825","5"
"6693","2225","7971","7"
"966","2378","3881","8"
"1003","1956","2994","4"
"7769","7879","5223","2"
"2590","6610","8766","4"
"3242","219","6636","9"
"8436","433","2583","10"
"2723","6283","554","9"
"7642","898","6533","9"
"7534","8701","7265","2"
"5197","2491","6625","3"
"5118","2930","4440","6"
"1790","1734","2505","1"
"9913","2517","4784","4"
"6453","8099","2297","9"
"2962","9114","1796","1"
"5476","9136","3946","9"
"5068","9289","6510","10"
"4238","8708","3228","8"
"9665","6558","8797","1"
"6381","759","8844","6"
"7349","1333","3262","1"
"1493","5836","4365","9"
"6915","8932","7981","8"
"21","6074","9417","2"
"786","255","3006","7"
"9109","1202","8155","1"
"9949","8947","3731","6"
"6205","310","8916","5"
"738","7006","2638","3"
"8723","4846","6226","5"
"4660","230","1020","3"
"9591","9747","3000","10"
"6706","9022","7145","2"
"5412","8039","1615","6"
"2274","1913","1541","7"
"8310","8744","6489","2"
"9363","1967","537","2"
"2116","1416","4936","7"
"7506","5233","3455","8"
"1073","7123","5108","6"
"7693","9401","80","7"
"7515","3549","4691","2"
"741","1562","4054","2"
"4626","3978","7325","8"
"7115","295","9677","5"
"6007","3453","2274","3"
"5887","9220","9014","9"
"4131","4070","8396","5"
"1295","3741","9786","3"
"9252","5594","6177","2"
"1959","6324","7785","4"
"2596","6043","3691","5"
"6409","6493","4982","7"
"3239","8477","1029","3"
"3483","3375","382","10"
"2236","524","1481","4"
"2187","5902","8478","3"
"2596","1311","3877","5"
"8424","1693","2722","10"
"9362","6213","5096","3"
"5055","8976","4597","9"
"9890","6006","4568","8"
"8880","2873","5114","4"
"4265","876","7968","7"
"3424","316","9527","3"
"8202","3636","6357","1"
"4617","1478","4757","7"
"2158","6494","2354","6"
"4456","7813","9153","10"
"6536","6560","7369","8"
"4947","1132","5201","6"
"5935","7722","4373","7"
"1094","1557","403","2"
"2495","2497","2533","7"
"3884","12","2520","10"
"9536","2409","5520","2"
"9745","1298","4755","1"
"6265","9636","7269","2"
"8705","3549","5371","9"
"6863","1371","9595","5"
"7962","7746","4794","8"
"1385","1045","2628","4"
"2691","3664","5647","6"
"8582","3134","1106","8"
"4675","5258","4539","4"
"3072","2724","7048","7"
"8348","396","1527","9"
"2044","9751","3904","6"
"6480","9303","3541","9"
"4583","1804","6261","4"
"90","2410","4235","10"
"3779","8771","4438","4"
"18","3819","5663","5"
"1593","5374","1527","3"
"2833","1280","7924","9"
"1347","7229","3846","9"
"912","439","1907","10"
"8342","7040","8846","4"
"7786","3885","4228","5"
"7624","4309","9660","9"
"6359","2014","8273","1"
"2641","1804","7325","10"
"702","378","3481","2"
"8899","2043","3519","10"
"188","3857","7132","9"
"1352","2148","4618","1"
"7380","4596","707","8"
"4198","6857","672","8"
"9660","1359","3564","5"
"9679","173","8657","10"
"3126","4975","2908","3"
"7148","390","2302","2"
"3393","1836","7804","9"
"7578","4480","8361","4"
"4479","5312","4007","8"
"2327","3811","1522","4"
"5185","3165","5294","2"
"9866","948","4473","4"
"4063","951","8226","4"
"5826","1373","1407","9"
"5958","8521","5005","8"
"5596","460","4227","1"
"4076","5016","2649","7"
"8884","1320","7738","10"
"3586","9501","8109","10"
"9452","6454","2262","1"
"4404","5264","9649","3"
"2778","7735","2697","5"
"4378","4984","8515","8"
"1335","1683","3603","1"
"9406","7366","822","4"
"4392","4523","5839","4"
"5234","267","8261","7"
"8734","7227","7398","2"
"187","7362","1819","7"
"8167","7398","3500","4"
"7497","2835","4283","2"
"588","2391","7633","4"
"6114","8678","1717","7"
"6335","1479","3847","3"
"4539","2378","4384","10"
"181","2561","5224","3"
"5870","1925","6465","7"
"588","1336","9003","3"
"6205","2060","4313","8"
"405","964","2699","9"
"2329","3916","4196","7"
"8894","8206","4574","2"
"5582","8991","2228","9"
"5382","2610","9058","5"
"6360","9872","297","1"
"3506","8656","4390","2"
"9396","3249","236","4"
"6822","4372","8701","9"
"1027","2671","2281","8"
"329","5489","1030","3"
"8792","6776","9623","5"
"6383","8288","1049","5"
"8453","4597","2310","7"
"1163","2216","1215","9"
"5909","1266","7457","10"
"7843","4293","6499","7"
"2043","7146","3555","10"
"3440","7972","1057","4"
"9684","4072","8403","8"
"6989","6246","3092","6"
"515","9287","9509","9"
"7589","2392","7286","1"
"3351","4120","944","9"
"346","7608","1703","10"
"2227","7891","1726","5"
"4020","8484","6469","4"
"1921","3039","3680","3"
"9792","408","3132","10"
"1286","2557","7768","4"
"202","7780","5524","8"
"9528","1000","1264","3"
"7793","3721","3864","5"
"9060","5442","3379","10"
"2810","2213","3382","2"
"7942","633","5045","8"
"2492","5361","6926","10"
"6162","2727","2312","2"
"4163","6802","5742","2"
"6325","1966","3863","5"
"2642","2952","8988","2"
"9643","3651","3536","2"
"7538","1040","7419","4"
"2245","1861","1775","5"
"29","4689","3023","6"
"3858","353","5375","9"
"4358","4635","9408","1"
"3424","1486","3881","10"
"3759","6675","8846","1"
"8345","6674","5823","1"
"1244","4103","4473","6"
"2768","790","293","6"
"2635","1769","4761","6"
"9152","1211","8226","7"
"4752","5836","4936","10"
"8656","2586","794","7"
"3573","3954","3069","3"
"2718","8835","1281","8"
"2809","9465","542","1"
"5822","289","6340","8"
"6141","2029","509","5"
"779","1343","8898","2"
"1897","6886","6177","7"
"3116","3224","5520","5"
"3986","9568","127","7"
"5112","9685","110","7"
"696","9861","3309","6"
"6729","9009","6465","3"
"6026","443","5824","5"
"8023","1421","333","7"
"7743","1591","5771","9"
"2373","536","8529","10"
"2820","1019","2814","3"
"1690","1560","157","10"
"9560","3031","6","1"
"140","8214","7211","8"
"7966","424","2701","1"
"8544","3405","4205","1"
"9699","8589","8048","10"
"760","2897","4843","6"
"1838","5900","9300","7"
"6191","8673","8628","1"
"8582","9016","7123","4"
"5781","5265","4623","4"
"5184","5329","809","1"
"6972","737","9704","1"
"1059","6789","1522","10"
"5269","7679","6449","10"
"553","5519","4438","2"
"4740","1596","357","9"
"7505","7491","4597","3"
"7105","4316","4863","9"
"7805","3231","483","7"
"4653","5795","7584","5"
"2156","3678","1312","2"
"8455","240","806","9"
"2736","9599","6385","5"
"8083","4535","6621","7"
"3797","459","1407","10"
"7552","5733","632","5"
"6691","1657","3762","4"
"3818","4651","3038","9"
"370","9664","9162","6"
"7568","5072","3599","8"
"3942","9288","5880","1"
"8569","3738","8074","2"
"1623","471","5751","3"
"9285","9927","8151","2"
"5538","9055","4618","4"
"9540","6683","9081","1"
"7293","9329","293","5"
"6","1738","5158","4"
"8941","3186","3566","8"
"2998","1386","8939","2"
"3476","3592","4706","5"
"787","1866","6646","1"
"2724","5968","7463","5"
"2415","7436","6611","6"
"1018","831","5666","3"
"7467","8077","7997","6"
"7733","6718","5352","9"
"1328","2928","3278","8"
"7603","181","1338","8"
"1771","7971","6233","8"
"6754","4484","7399","4"
"7465","8859","5251","4"
"8903","4110","1334","9"
"4465","6305","9778","7"
"314","1332","7755","8"
"2813","698","7792","9"
"5422","7257","318","1"
"6828","9677","4651","5"
"2548","6645","1871","10"
"4898","1225","2047","5"
"7876","1036","3292","6"
"9776","4837","5230","8"
"8800","6150","4462","3"
"5146","2595","7102","7"
"6361","5956","9689","6"
"9632","9053","6907","5"
"9158","2283","1376","9"
"2251","2136","3946","10"
"5237","4300","9636","7"
"1841","7727","7792","7"
"6296","468","5066","3"
"7031","8503","8305","7"
"4723","9789","1197","5"
"5700","3701","2156","5"
"1213","7910","9081","10"
"1363","8451","542","7"
"1482","4778","4515","7"
"5125","3308","9276","10"
"4783","5020","7384","5"
"3308","132","6882","2"
"5295","5087","4691","1"
"933","4133","7289","3"
"5913","5004","7404","8"
"2031","6695","7667","3"
"89","8395","9073","10"
"9568","6497","548","6"
"808","7395","3383","6"
"8850","6289","5258","1"
"9221","8531","3566","5"
"3795","5106","1013","4"
"4048","1254","6567","1"
"7178","4236","6368","10"
"6545","972","7574","9"
"5207","5028","7586","4"
"4430","8630","4309","3"
"7997","9517","8072","9"
"7883","7755","2747","7"
"4039","9674","2171","10"
"7710","2789","8543","10"
"6258","3344","2983","2"
"3033","568","9906","4"
"9050","8326","542","2"
"6847","6298","4313","1"
"6749","4197","1281","1"
"7377","4025","2376","8"
"2599","1104","8756","1"
"7120","135","3260","10"
"4100","224","659","3"
"3390","3929","42","5"
"2079","493","9486","3"
"4997","7347","9739","1"
"5403","4379","5866","1"
"4997","5224","359","9"
"2639","9465","7848","7"
"9474","3199","9247","9"
"4781","2227","8903","7"
"7172","1607","190","10"
"5722","9837","9364","2"
"5461","1146","873","3"
"1909","9302","3272","10"
"5462","7841","1479","2"
"4044","9141","2628","10"
"9213","6707","1211","7"
"4335","2175","263","2"
"9356","7761","7131","1"
"2754","3101","8868","2"
"9966","8847","4623","4"
"3902","7230","8396","1"
"3763","537","5789","6"
"6077","9994","5610","8"
"4202","4188","1921","2"
"4174","4369","8595","5"
"5639","282","1875","10"
"8026","5766","2983","4"
"6851","2353","2908","6"
"9176","6859","1281","8"
"807","5037","6417","7"
"1308","9444","4154","9"
"5722","2161","9258","3"
"2339","8899","4176","1"
"6641","5179","7381","9"
"8036","1581","9663","4"
"8562","2533","9081","9"
"604","7032","6141","7"
"9450","4153","9484","10"
"5460","9532","446","7"
"2964","6586","9649","2"
"8087","4914","9598","8"
"6740","1174","2091","3"
"9127","1901","4607","2"
"9003","5632","3809","5"
"6990","3761","2019","1"
"3450","9186","382","4"
"3169","5258","6045","7"
"109","5002","4067","4"
"402","7542","4520","3"
"2718","7277","9982","4"
"763","2835","8756","10"
"4320","3368","1597","3"
"5003","6640","2467","2"
"1587","9676","3067","5"
"2901","8347","9288","10"
"2759","3042","997","3"
"3343","351","1190","1"
"4431","1154","6907","4"
"7995","3891","3661","5"
"9002","7507","13","5"
"9153","9857","2962","3"
"5615","900","4577","6"
"5234","8380","8901","2"
"135","8938","8382","8"
"6705","6546","6358","4"
"7104","7693","1059","2"
"7551","9212","352","1"
"6053","9678","1365","5"
"6984","7579","558","8"
"8758","7110","4149","4"
"7046","9047","8918","6"
"4506","7223","1264","5"
"9261","3383","9629","1"
"5103","344","9232","9"
"6512","7792","8919","8"
"3151","6927","7151","8"
"7522","1054","9484","2"
"8413","4183","5824","5"
"3267","8906","2475","4"
"8060","8863","297","9"
"8429","8952","8663","5"
"5059","8195","8870","3"
"7970","5107","5277","9"
"4930","4870","7753","9"
"3562","4147","5251","2"
"2491","1706","2791","4"
"9330","4528","2990","2"
"4126","8215","2297","2"
"4421","1357","4289","3"
"6827","8531","6778","6"
"3952","5671","2688","4"
"1786","1774","1630","5"
"4729","1380","9439","8"
"4907","3491","2086","5"
"2877","7201","548","2"
"2468","995","9802","4"
"1842","3250","7203","6"
"9031","6953","3826","9"
"5431","4094","8151","6"
"7734","1983","6540","1"
"7017","8953","6267","1"
"2666","9511","7831","7"
"5941","2807","1281","5"
"6257","2439","4435","1"
"2592","7491","8485","10"
"3446","7110","4653","5"
"2000","6182","2446","1"
"3584","6558","6741","8"
"4231","4930","9111","7"
"6403","9361","9860","4"
"5164","6890","1453","9"
"8418","343","3696","1"
"5600","2134","2420","10"
"6669","2035","6551","5"
"314","783","2192","5"
"1105","413","1709","3"
"5250","3683","8671","10"
"5755","5790","285","7"
"198","8168","3559","1"
"8201","7819","9898","4"
"9947","1992","4297","3"
"4155","386","6210","5"
"3699","1556","2748","3"
"7247","4830","8515","3"
"6011","8352","2076","10"
"8388","6448","3847","2"
"3612","2373","4354","4"
"7345","3397","8206","1"
"4363","3700","6461","8"
"4228","8618","171","10"
"8532","9723","3430","8"
"1877","1639","2225","4"
"5168","7907","1529","8"
"4304","8752","8013","2"
"8350","1459","8631","5"
"7582","570","263","3"
"4672","9688","3268","1"
"9137","5539","4949","5"
"6518","3721","5422","1"
"6731","9660","873","1"
"8826","6041","9621","9"
"2081","3699","2229","9"
"9911","6507","6257","6"
"5389","1572","9990","6"
"3311","4445","1639","6"
"6800","150","4587","2"
"2009","5264","7633","1"
"2194","4010","2443","2"
"3459","8161","1330","1"
"6903","5325","6312","2"
"1032","6198","3542","6"
"5178","7335","6087","4"
"1190","1320","9001","3"
"1996","9799","5783","2"
"7079","8456","6882","5"
"1728","8738","9776","9"
"7644","3277","9513","5"
"7580","5421","333","6"
"5375","8882","5176","9"
"7926","2732","8666","2"
"6675","8495","2925","7"
"7078","762","7367","3"
"8846","50","8816","5"
"5511","3271","8288","10"
"6008","6400","1182","1"
"2563","3129","6451","4"
"3961","6474","3438","3"
"4025","8876","3809","1"
"9515","1947","891","3"
"7181","7582","8288","8"
"4540","6332","8270","4"
"6313","9092","9486","7"
"4027","6410","4719","8"
"1906","2446","7818","6"
"7171","6924","4522","8"
"9825","628","4642","6"
"3267","860","110","10"
"5147","4864","8817","1"
"6015","3598","4430","4"
"6081","6587","9432","3"
"1422","6755","3490","8"
"2413","8587","7994","3"
"7410","5060","3923","8"
"3196","7891","1174","2"
"2127","7001","8663","3"
"927","6873","574","7"
"4238","9434","3809","3"
"1971","2372","1797","10"
"5628","4205","4126","8"
"8601","2571","2734","6"
"4507","3636","5982","9"
"6806","4220","5487","9"
"8982","6642","9095","8"
"6392","5421","2140","1"
"1862","9322","3309","5"
"9665","7954","7951","9"
"2391","1441","7811","3"
"1324","5270","7528","9"
"519","1899","9461","10"
"3364","5991","563","10"
"7154","9979","9461","2"
"3121","338","5972","1"
"1023","8529","6800","2"
"978","1243","9258","3"
"8369","6447","4947","9"
"7684","9764","8428","6"
"7114","7867","6357","2"
"3666","9110","5810","10"
"385","1069","1904","2"
"5484","9193","6443","4"
"4239","6568","8355","1"
"3762","903","2405","4"
"5907","3372","319","5"
"6790","4850","1538","4"
"9314","8454","2211","10"
"2223","6823","7569","7"
"7011","9654","9718","4"
"1267","1182","9143","4"
"206","9623","446","9"
"6931","9086","8213","6"
"1874","4582","5793","5"
"5884","9113","2903","10"
"4070","7983","4188","9"
"6820","5998","3029","6"
"4888","2074","3004","9"
"7565","2337","1227","8"
"4050","3910","8367","3"
"9410","9615","1583","9"
"3986","9434","3164","10"
"5403","3575","3871","4"
"733","7937","5682","2"
"107","9319","44","8"
"5790","2909","1522","2"
"1449","9637","7203","1"
"4872","7740","6184","9"
"8522","5389","944","3"
"4945","5079","9910","6"
"2352","1118","6417","9"
"1937","9730","9429","4"
"5562","7620","9980","8"
"4889","767","7730","2"
"8443","3257","8898","3"
"670","3654","9063","9"
"6492","4536","6563","9"
"3532","4919","8339","5"
"5478","5162","6261","4"
"2166","532","312","6"
"9208","4293","2260","8"
"4826","2581","9529","10"
"5688","9344","3871","7"
"2738","4220","5587","3"
"911","752","8868","2"
"4204","3126","1224","8"
"3906","1943","2172","5"
"921","7853","1459","3"
"1078","8242","3904","8"
"6917","1460","1049","9"
"7459","4622","6200","10"
"4244","8803","5416","7"
"8345","1897","2782","3"
"9443","9793","5918","5"
"2784","6075","8916","7"
"1401","6286","3934","1"
"1557","7756","8687","6"
"9610","3681","3383","3"
"7433","9990","6766","4"
"8033","4828","2580","2"
"1494","2726","472","10"
"2664","6354","6486","7"
"152","6517","509","7"
"7677","5896","9719","2"
"8957","5256","2679","5"
"8045","6357","4298","2"
"7833","3356","6011","10"
"2822","2878","5979","3"
"4159","8562","7036","10"
"4868","180","7013","2"
"885","8126","7958","4"
"3629","1071","7994","5"
"3303","1343","5184","2"
"7645","7449","9877","2"
"6211","231","4580","5"
"3013","5084","2160","4"
"5194","9052","848","6"
"4499","497","8478","3"
"7674","8203","4256","2"
"2299","6799","613","10"
"817","2079","3002","4"
"4598","4174","6554","6"
"6170","2503","4713","3"
"1835","3675","8154","9"
"4636","2240","8778","4"
"5507","9929","1044","6"
"4333","6924","9776","1"
"7716","3321","3369","1"
"7618","2479","2061","8"
"1085","2747","4003","2"
"1914","3310","7946","2"
"5658","3246","2274","8"
"2456","4162","1029","1"
"5859","7248","1798","4"
"4627","7209","3018","2"
"3658","8050","1691","7"
"5313","3929","8491","5"
"5217","8907","5566","3"
"6882","2606","3023","7"
"8284","9081","3378","5"
"6592","5399","8932","4"
"846","8287","6295","3"
"8462","4122","3963","2"
"7764","5456","2197","2"
"7210","5810","1467","8"
"1539","4308","543","3"
"5922","355","8010","1"
"3353","5394","5352","5"
"8640","5206","3430","9"
"9131","3314","6982","2"
"2482","1783","3597","7"
"5975","3441","8644","1"
"3723","6362","3382","8"
"7676","5528","6621","10"
"7903","5343","8320","10"
"7809","4346","7438","10"
"3969","6104","1494","7"
"9730","8377","1972","2"
"6058","8505","8251","6"
"6790","6697","2722","8"
"7477","3479","2906","5"
"6279","8079","4689","8"
"1385","5423","9099","2"
"4771","168","9092","4"
"1874","7987","4373","8"
"221","7364","1522","8"
"8047","9130","2734","10"
"314","2277","5364","4"
"1692","9079","8898","4"
"4417","6010","8671","2"
"9329","990","2207","3"
"8730","593","6392","7"
"2962","9372","5040","2"
"6191","5800","2734","2"
"7915","8178","8817","2"
"3029","649","2287","10"
"5346","3192","5422","4"
"6276","9886","1552","9"
"3089","3501","5175","2"
"8158","736","8172","7"
"3757","4480","8578","10"
"8354","604","4794","8"
"8782","1058","5930","7"
"5020","1174","2066","3"
"710","1350","1126","7"
"267","1132","1982","1"
"6523","7471","4060","4"
"109","6677","8919","2"
"2692","1224","4906","9"
"9582","6574","3039","4"
"587","6071","8988","6"
"395","7189","8225","8"
"2467","3978","4126","9"
"4751","333","3067","9"
"8704","2719","427","7"
"5020","1032","6596","10"
"3436","2373","2745","7"
"1517","4465","1504","4"
"7040","6381","3779","1"
"9836","3121","1593","2"
"6838","424","9993","9"
"6255","5425","4277","5"
"5789","5163","9619","7"
"397","3733","2427","9"
"8861","4077","9081","3"
"1850","1015","4311","7"
"659","7130","4389","10"
"5414","7365","6221","2"
"7445","2476","2063","3"
"1546","7778","4390","9"
"883","2374","473","7"
"3621","2650","8759","6"
"5913","8233","5579","3"
"7096","1452","9977","9"
"8321","2930","4373","6"
"1595","8724","2499","7"
"4754","9124","4947","10"
"1115","2491","8645","7"
"6081","5734","1191","10"
"7211","7825","2662","2"
"2149","9071","227","2"
"2493","3538","3366","2"
"6610","2741","1174","6"
"6241","6131","4806","9"
"5256","4741","6210","8"
"8322","3361","3153","10"
"4366","373","4419","7"
"5859","5203","5579","2"
"8258","6303","8478","2"
"4359","2076","4921","9"
"1513","1869","1126","10"
"6499","9088","5623","3"
"6714","7601","9636","3"
"9959","966","4214","7"
"2806","4695","3705","10"
"6283","4731","72","2"
"1461","4108","9786","10"
"717","617","1177","9"
"8583","1498","5663","6"
"7094","8854","6502","10"
"7906","1086","7570","4"
"1398","7228","1919","10"
"7249","1113","4149","2"
"3515","1280","4911","9"
"3416","4104","9748","6"
"8026","5681","554","9"
"9541","3232","1642","10"
"8633","4811","2928","5"
"985","5608","8919","10"
"6208","4713","5210","5"
"6724","7063","7874","3"
"2802","6364","6502","5"
"4303","514","4004","4"
"6114","6627","5961","10"
"2200","7113","609","2"
"7199","2145","9935","10"
"1598","1887","3739","1"
"3199","6121","8151","10"
"860","5271","5251","6"
"6523","3134","2344","5"
"1617","7616","217","10"
"2728","586","1177","1"
"1904","7664","4264","9"
"468","3688","7463","6"
"3399","7020","9719","3"
"2763","5914","1670","1"
"3927","7493","2701","7"
"520","2103","2054","8"
"3138","399","835","5"
"9209","7605","9715","3"
"8345","6105","9964","2"
"8285","8739","3004","8"
"2376","9005","8276","1"
"1639","1885","6112","10"
"5078","2153","8636","10"
"6682","7061","3490","2"
"9650","8913","9571","2"
"470","7646","5447","6"
"3416","4684","6138","4"
"2597","4715","2588","1"
"6888","8815","1049","6"
"2902","59","1365","9"
"924","8577","4643","3"
"3260","4685","2940","7"
"6093","9266","1401","4"
"4395","8247","7209","7"
"3264","6605","5114","4"
"3449","1375","990","6"
"4083","8986","3579","4"
"2768","6970","5877","4"
"12","6690","4438","7"
"5591","6150","2404","1"
"1990","918","7785","8"
"891","1386","2237","3"
"6075","6011","7492","7"
"5754","4153","4533","1"
"9087","4204","3784","6"
"4806","8237","4586","4"
"7587","8221","274","1"
"1918","6223","8534","5"
"6132","6755","1701","1"
"2094","922","5110","6"
"7773","9203","5387","7"
"8142","7478","599","5"
"3240","6663","7144","6"
"5229","4997","2230","7"
"995","9709","4997","9"
"1380","4448","3872","4"
"9309","381","4187","4"
"4403","8768","2662","10"
"1645","9345","7937","2"
"4335","7081","2140","7"
"7682","2359","5210","1"
"2550","3257","3410","5"
"8605","1130","5477","2"
"6549","4898","2138","10"
"8777","9344","7949","9"
"8282","8054","4302","5"
"1481","9446","2312","10"
"9157","1033","4691","8"
"1003","585","8961","6"
"2619","2391","9825","6"
"6641","3636","294","5"
"3589","3221","6135","2"
"4743","8323","1504","7"
"9843","7481","9475","8"
"2716","6759","236","6"
"8807","2037","3779","10"
"1833","1191","1467","1"
"2951","7125","1376","7"
"5463","1073","1527","3"
"5722","7058","9143","5"
"5725","6151","5259","6"
"2879","2350","5626","3"
"7800","9761","5299","7"
"9185","7433","677","1"
"4734","1139","3536","2"
"8103","5628","1406","3"
"78","66","8342","1"
"9303","1466","1496","7"
"9284","5373","8903","2"
"1327","9454","4088","3"
"1805","8080","9522","6"
"6863","9922","5623","10"
"702","3978","9881","8"
"8333","8213","144","4"
"4824","5627","9258","7"
"422","9568","263","3"
"93","3417","276","3"
"9272","5257","9448","1"
"3564","2746","4982","5"
"1669","7337","7129","6"
"6122","4059","4499","3"
"3473","375","6523","10"
"4073","1196","6295","10"
"2902","5451","1986","10"
"8538","9124","3512","5"
"6209","9296","4830","5"
"8254","1539","3366","1"
"178","4816","6499","1"
"7133","8726","4560","9"
"9999","2470","4580","4"
"7216","4474","4800","9"
"3557","2383","2228","8"
"4606","9045","8402","5"
"5887","662","1127","1"
"6851","1153","7381","3"
"7300","5927","9267","1"
"3900","7027","2782","7"
"5642","3788","5715","1"
"149","8151","707","3"
"4296","9148","6177","6"
"1667","6605","3366","9"
"3217","843","2384","1"
"6210","703","246","8"
"8174","1191","4798","9"
"6504","6247","2156","9"
"3165","6286","2639","10"
"761","9285","5866","2"
"4665","5045","2237","4"
"546","6935","4706","8"
"7395","39","7209","1"
"930","3838","7150","5"
"5550","6258","9598","6"
"5880","2735","7372","1"
"3890","1374","8155","5"
"9264","3370","3382","8"
"2338","766","353","2"
"1993","59","5294","4"
"8339","4626","1845","9"
"5407","7364","659","2"
"9768","5973","8094","6"
"2516","2922","632","6"
"3526","9014","1779","8"
"574","1097","7777","5"
"6769","1752","3234","7"
"4415","8882","3705","2"
"251","8149","4906","1"
"8852","3194","5066","2"
"7683","2911","1467","3"
"1893","2259","7772","2"
"2255","4667","9748","8"
"2391","2311","9508","1"
"7735","5619","6011","3"
"5432","93","6802","8"
"5014","5825","1915","9"
"3104","5532","9620","7"
"3013","1522","5230","9"
"4909","93","6488","1"
"546","5061","297","7"
"2020","599","3391","2"
"4169","3246","3502","6"
"9902","5293","1528","10"
"7600","4549","5742","4"
"9495","8440","7804","3"
"1747","8697","5185","5"
"570","1442","7937","3"
"6878","625","1726","2"
"4940","330","9954","3"
"75","7422","7162","3"
"7036","915","1701","5"
"3984","8379","2955","6"
"6027","5404","6050","2"
"7829","1240","8918","1"
"1426","6775","6409","6"
"2274","4666","891","6"
"439","4252","2030","8"
"9476","2203","357","5"
"9836","6583","3255","9"
"5934","9271","4947","10"
"3017","7618","8903","6"
"8624","5397","1135","10"
"9283","8080","4268","3"
"5308","24","127","6"
"1009","2526","5751","9"
"5552","9432","7512","1"
"8924","9857","2539","4"
"6925","7764","5972","5"
"4523","2505","2140","1"
"6427","8949","5520","7"
"2907","4399","2192","5"
"6323","6856","9809","4"
"573","9217","468","1"
"6990","6832","4292","7"
"9644","9255","8247","3"
"7259","1047","3290","6"
"1082","4218","4205","5"
"4014","6433","4309","4"
"7383","6924","4086","2"
"8632","9033","5251","1"
"5626","6486","4389","3"
"605","9684","310","4"
"8380","6635","7943","7"
"1720","1745","806","7"
"8960","5489","6550","5"
"4221","5363","2446","3"
"6689","6317","5201","9"
"8937","2757","8671","1"
"9453","9414","1734","3"
"8498","4515","4955","10"
"2332","2390","3369","4"
"5043","7885","3541","7"
"2991","5182","1121","1"
"1824","1336","4620","5"
"8686","6836","1691","7"
"9368","8973","192","1"
"2386","1081","7048","10"
"4072","3320","5783","8"
"1460","8235","4045","2"
"8921","7812","3861","8"
"709","6553","1177","4"
"7938","264","3282","2"
"1595","2103","2536","8"
"4536","2656","677","7"
"4669","4028","1172","9"
"7265","9102","6741","4"
"3728","3045","7897","3"
"3933","5619","4235","3"
"6143","4680","79","7"
"4668","8002","2162","3"
"2117","32","5053","9"
"8992","676","3916","1"
"3768","4606","8181","7"
"5883","9646","7792","6"
"7556","7900","4399","2"
"7217","8558","7795","4"
"6041","7708","6513","3"
"7404","7926","8318","8"
"2088","8804","6271","2"
"638","3010","3455","8"
"2736","7197","7653","8"
"2631","2710","2160","8"
"3219","1161","7874","7"
"7965","8337","2443","10"
"8661","5262","3874","8"
"9423","692","6950","7"
"3001","2810","5986","3"
"7723","8590","319","7"
"7533","7267","8817","4"
"790","3422","1459","7"
"2019","8910","6657","6"
"9194","5725","3597","9"
"7933","7295","5324","1"
"3040","2434","1642","7"
"3168","9297","2762","3"
"7663","664","3255","1"
"5404","5244","1919","10"
"5447","5445","873","9"
"5243","9310","5846","5"
"625","8424","6800","6"
"8478","9481","8276","6"
"6366","5517","1508","9"
"6030","5344","3603","2"
"9016","5561","5752","2"
"6383","3354","6840","2"
"6547","8336","5714","10"
"8381","2497","2006","4"
"4362","9143","1207","3"
"3645","6678","7398","2"
"5338","3692","7490","4"
"3504","328","9162","5"
"1059","738","9709","4"
"6259","1100","6958","4"
"5008","5820","1552","2"
"4212","9988","9202","4"
"4215","7361","7419","4"
"602","5699","3416","5"
"6019","7462","5880","5"
"5107","7346","167","5"
"3878","7414","8589","9"
"3950","1429","6540","1"
"437","250","4054","10"
"2536","767","6469","4"
"4984","6150","9651","4"
"4477","7032","4462","4"
"2659","7723","1693","2"
"2761","7657","5910","8"
"7029","7975","2567","3"
"3724","2367","5894","5"
"4593","8897","4587","6"
"9712","3807","3382","6"
"626","1405","9709","1"
"8796","1432","2054","9"
"6470","5423","5079","5"
"2973","2037","8858","4"
"8784","3982","1176","7"
"568","1399","8614","5"
"9796","912","2197","5"
"8327","2798","2056","5"
"5512","310","8382","1"
"3726","9710","1375","4"
"3559","2751","4935","9"
"1045","4512","1214","2"
"6401","9853","2864","2"
"820","7549","6765","10"
"7423","1517","6392","5"
"4438","8226","3829","6"
"5235","1587","5509","4"
"280","6138","8721","4"
"5281","4419","510","4"
"2911","2688","1214","10"
"5595","1802","8148","7"
"485","3217","9932","2"
"2684","3258","8006","5"
"5142","9249","3599","10"
"6523","7003","1807","7"
"5386","5162","9715","3"
"5809","1726","5161","5"
"9892","9839","9685","2"
"477","7875","6310","5"
"562","5410","9447","3"
"3961","1769","4318","7"
"6826","993","7921","1"
"4786","6366","3680","3"
"1620","3531","7567","6"
"3618","4862","2156","5"
"1684","9579","6133","1"
"9106","6233","1563","8"
"2637","5864","509","10"
"2177","990","3481","7"
"9135","9725","9095","4"
"8958","2209","4715","8"
"571","4360","3967","1"
"4401","40","5732","8"
"7206","6106","8863","6"
"5956","4522","2090","5"
"1073","6754","8013","8"
"3996","328","1444","2"
"9339","1930","4163","7"
"7617","3827","5377","9"
"8636","4822","2863","7"
"3975","4862","1779","1"
"7056","1613","5519","4"
"657","1691","4726","10"
"5790","1607","1622","10"
"1505","1323","4377","3"
"3948","5961","5381","3"
"6632","6612","602","9"
"8099","248","4520","3"
"6640","5806","2990","3"
"399","9871","3545","8"
"9789","4931","4627","8"
"5730","9339","5918","10"
"8008","8544","6958","4"
"8214","2174","9406","3"
"4085","1326","6722","3"
"6900","5939","5685","10"
"3403","5142","3268","4"
"5856","5050","6138","10"
"560","2043","1921","2"
"2803","310","8172","9"
"8463","3613","3073","10"
"8114","312","6611","6"
"6383","3748","6462","6"
"1436","8263","4535","9"
"4042","3488","5877","4"
"130","2923","7439","3"
"2243","9715","1777","8"
"5506","1293","3289","2"
"9969","9747","2279","2"
"6301","8586","4972","1"
"9163","2557","4149","3"
"2108","5943","9225","6"
"3571","8979","6563","4"
"5456","1027","4447","10"
"9134","6319","8868","9"
"8800","6961","4190","3"
"9748","469","5110","9"
"5531","5133","2771","9"
"9656","4028","4957","7"
"9136","6772","4975","6"
"6419","4183","5972","8"
"4719","2204","3328","5"
"6470","4979","5517","10"
"7772","9340","2628","2"
"2443","8882","9955","8"
"487","1468","209","10"
"3880","9669","845","7"
"7510","9266","8854","10"
"183","9084","6382","6"
"1123","2881","6721","1"
"5203","5217","4870","8"
"8371","7145","4761","7"
"6681","9911","5666","5"
"6360","3061","4002","8"
"5609","5748","5157","1"
"5340","2197","7938","7"
"1409","1259","2499","8"
"8502","1388","6691","3"
"9128","3656","475","1"
"842","2008","3659","10"
"4987","2722","3805","10"
"1134","211","3132","10"
"9594","9520","613","2"
"6243","231","4886","9"
"6158","5720","105","4"
"9421","2614","1407","10"
"8302","7121","3138","8"
"1535","8860","6680","9"
"2296","2285","5961","5"
"5226","410","9704","2"
"4114","454","2649","10"
"2302","3737","583","9"
"8069","4125","451","7"
"5536","2023","4657","1"
"7983","7293","3872","7"
"5406","1306","5315","9"
"9819","6060","8992","1"
"6265","8876","2911","10"
"3593","4214","1502","1"
"8413","9380","8628","9"
"7780","562","8885","10"
"256","5201","4906","7"
"328","955","4627","7"
"1698","700","2195","1"
"1641","4420","1527","5"
"517","3405","7811","9"
"8943","9842","7633","2"
"2857","3741","2209","2"
"2169","1376","5813","9"
"1213","7570","4787","2"
"3222","4902","6639","2"
"3446","2062","4936","6"
"1454","3839","3368","10"
"597","4272","7994","1"
"7885","829","8031","5"
"3900","7329","5654","8"
"9122","2914","9081","4"
"7548","9384","219","4"
"6551","4148","6158","6"
"7226","2330","3139","9"
"1481","675","8721","3"
"7473","7061","8048","10"
"8923","7842","4499","1"
"1832","7783","8973","9"
"2814","8822","8898","6"
"1856","9592","6596","1"
"8155","3617","4843","2"
"54","9927","9932","9"
"1357","9849","1919","3"
"1177","6136","5040","6"
"2624","4147","8472","10"
"8890","1607","8465","2"
"9627","3554","5079","7"
"8146","4863","1106","7"
"8278","3257","6355","3"
"2411","1921","2079","6"
"6099","4115","423","9"
"1351","9746","1404","4"
"3086","9421","7810","6"
"5361","6613","6310","1"
"7193","7323","9226","4"
"7968","1088","1829","4"
"4647","1984","4399","7"
"546","2541","4422","4"
"2848","3206","2895","6"
"9534","3076","4935","6"
"3793","5916","3109","7"
"1695","5296","1971","1"
"7534","8419","7946","10"
"9631","8744","8030","1"
"6686","2891","9623","3"
"9198","3099","1401","8"
"805","1567","2228","1"
"4083","2254","5182","1"
"3690","979","7667","1"
"9779","5122","3729","7"
"4978","7757","2594","10"
"6389","4596","2790","9"
"9107","7217","8894","2"
"7562","601","6593","10"
"8351","7181","8048","7"
"6903","63","389","7"
"4304","187","2742","3"
"2454","7719","5780","5"
"3848","2033","2935","5"
"3122","4394","1904","6"
"5193","3920","9852","3"
"6207","4017","6646","10"
"5913","5446","5352","2"
"3313","4074","472","9"
"4721","6686","8534","8"
"3324","6729","2865","9"
"5688","7998","6087","2"
"488","3126","2478","2"
"6060","1815","5989","1"
"5867","2799","8306","7"
"4126","725","9101","10"
"5845","6617","6055","8"
"4931","371","7384","10"
"6541","273","6194","8"
"4576","2658","7944","1"
"5851","2331","8554","4"
"6884","1585","7315","4"
"957","7472","7129","10"
"6208","2250","8682","4"
"7333","7679","6020","5"
"5812","2546","44","9"
"4434","7616","6921","9"
"7925","4660","4651","1"
"8421","9849","5751","10"
"9916","3312","4302","1"
"8466","6257","263","6"
"6570","5269","7865","8"
"1932","6563","9475","7"
"7260","3780","8663","9"
"533","272","8366","7"
"5816","6870","6602","5"
"7800","7143","835","7"
"5005","7825","4298","7"
"394","1027","2272","7"
"2234","6131","9003","8"
"1086","6123","4045","3"
"7883","3372","6113","4"
"2432","1992","5005","8"
"7170","6477","6657","4"
"4239","4917","7215","1"
"4129","1951","6216","1"
"7846","6840","1833","1"
"303","9377","7653","4"
"1396","3761","8932","1"
"8839","3102","9868","10"
"51","3637","8483","10"
"412","382","3917","6"
"9701","7585","7373","8"
"7298","3596","5714","4"
"2066","5492","1981","10"
"4266","3329","7404","5"
"3737","265","8106","4"
"3927","9714","6498","9"
"7733","9610","1593","8"
"7797","5294","5434","3"
"1238","3088","475","3"
"9980","1189","2676","7"
"393","1160","1381","1"
"1483","9011","6505","7"
"8304","6202","2063","7"
"194","9209","4936","7"
"2365","7022","6765","8"
"2075","5636","3290","10"
"9771","6543","6469","5"
"2145","836","4188","6"
"7014","1830","5201","4"
"3037","8777","9911","6"
"4921","4997","3633","8"
"5592","9884","3369","4"
"2924","8671","8251","9"
"567","4548","7791","5"
"9456","2705","680","2"
"4065","4925","2211","8"
"6668","354","3005","3"
"6701","42","2067","5"
"9063","301","6602","4"
"5621","2517","5610","3"
"3356","9571","6418","3"
"8966","3813","6569","4"
"391","2136","6498","7"
"647","4271","2091","5"
"9311","7565","7816","5"
"6448","273","1087","4"
"2641","3726","3453","1"
"2621","2193","7974","6"
"7794","7458","2638","8"
"3981","9969","3400","3"
"142","6873","8213","2"
"5200","6706","3440","10"
"1013","3354","5036","10"
"2592","3530","8316","2"
"6971","3014","1670","7"
"7553","508","2951","3"
"6882","6575","570","8"
"2618","3914","3648","9"
"9632","6269","4598","6"
"8778","6935","6302","8"
"9668","4510","1172","7"
"2553","8217","4368","1"
"526","2562","8903","8"
"4759","780","6226","8"
"2603","638","7067","1"
"7446","4926","6362","2"
"1326","2171","6971","7"
"3683","4058","5939","4"
"916","7368","1902","4"
"8778","9111","2864","10"
"3674","2577","734","5"
"7945","3389","5997","5"
"7100","1296","6089","8"
"9264","1178","8657","1"
"7276","7382","7313","7"
"8871","1617","5939","1"
"3705","9790","3931","3"
"7620","9920","9719","1"
"8812","7424","1182","8"
"8824","283","6563","8"
"612","7133","2207","9"
"6552","8644","8031","10"
"7775","4021","2037","8"
"2722","5681","5839","4"
"198","357","2864","10"
"7444","9428","4309","9"
"3538","878","9529","5"
"2143","6453","2792","8"
"5498","4426","5210","9"
"7127","6861","6860","1"
"9995","7264","6686","8"
"4889","2150","8010","1"
"8293","8653","473","10"
"9923","2776","3571","6"
"1767","3269","3597","1"
"6452","4314","3512","7"
"1493","8752","7997","3"
"4125","16","7102","3"
"6132","5361","5822","8"
"1371","3697","3739","1"
"6052","7825","613","8"
"7308","4105","7123","3"
"3911","1004","9330","6"
"3983","7797","4275","4"
"4574","7408","4354","10"
"1132","488","6503","1"
"2872","3043","4264","5"
"2530","6431","7915","3"
"3258","7457","2182","3"
"4348","7454","9550","9"
"263","4071","2168","8"
"5451","5709","2757","8"
"2623","2906","9529","9"
"6862","7371","2699","3"
"4046","811","5315","3"
"4163","8995","2533","6"
"4556","1645","1375","3"
"2409","9633","1529","5"
"8241","3517","7080","8"
"4640","6118","9430","1"
"6164","4383","5989","3"
"6242","3210","6602","8"
"1438","3614","4842","5"
"9117","1989","3687","1"
"488","3412","3847","9"
"278","1236","4045","2"
"6294","619","9621","10"
"6578","7672","9643","3"
"6997","452","341","7"
"2433","2799","2567","3"
"4828","7359","459","4"
"7399","8588","1438","8"
"536","181","9079","1"
"6312","3292","7352","8"
"400","349","3671","4"
"2050","6531","2228","6"
"7086","3191","1315","1"
"7019","7565","8320","8"
"194","240","306","2"
"3653","9164","6666","1"
"6171","1699","3377","9"
"6567","8107","3553","6"
"5379","8081","6527","9"
"4819","9796","3842","9"
"4375","4307","8478","8"
"7177","663","4394","3"
"2665","5932","3490","1"
"6520","3480","9881","10"
"8485","9288","1106","2"
"4637","7399","2594","9"
"8687","1395","1834","7"
"7144","3731","4292","5"
"6921","4420","2481","3"
"7245","1690","5928","10"
"4849","9058","4035","5"
"8841","1781","6212","2"
"2014","7677","6991","3"
"9251","1712","9005","4"
"8605","8550","1716","4"
"9418","5117","1438","3"
"4983","564","3423","7"
"6976","2458","451","9"
"7174","5825","6421","3"
"6950","2765","5754","1"
"6493","3277","5573","5"
"6227","977","9014","4"
"5935","2730","4202","10"
"2766","721","5230","4"
"3580","9269","6146","5"
"7216","813","9508","10"
"4955","6772","665","7"
"4836","4453","2371","5"
"4767","6219","2878","1"
"3565","8070","3164","9"
"7033","1734","8275","2"
"6503","9878","2298","7"
"3657","7952","8306","5"
"1078","9633","3457","4"
"6656","4128","9154","1"
"867","210","1981","9"
"7417","9174","4761","7"
"7946","2751","1417","4"
"1601","4205","5938","1"
"926","7149","3453","1"
"5012","3388","8106","7"
"9483","5058","7080","2"
"1592","231","8589","5"
"8338","660","8729","5"
"1664","9603","1956","3"
"4941","6004","9935","4"
"6004","8566","8988","7"
"3729","4686","6686","5"
"1747","4916","1459","8"
"7749","9246","5508","9"
"1606","3730","9955","7"
"9166","3883","4045","8"
"6309","2407","4275","4"
"4603","5986","4422","3"
"5503","4766","3579","6"
"5758","3396","1819","3"
"5499","6767","7704","2"
"9569","5904","3142","1"
"8548","3268","3406","6"
"8660","5730","7523","7"
"7566","8268","6233","8"
"1588","2676","538","3"
"3820","1755","530","5"
"9105","3548","4122","3"
"7321","1253","3265","7"
"2214","6900","8173","8"
"7306","5733","7367","4"
"7751","5931","4460","9"
"4165","3205","3282","3"
"7318","3467","5732","4"
"1623","5000","9509","2"
"3549","3525","8399","10"
"7240","1327","42","9"
"8199","9978","856","1"
"5186","3107","7994","8"
"7247","9016","9288","8"
"2500","3521","5487","4"
"8586","3662","1106","8"
"2506","2046","177","9"
"5388","4448","2156","1"
"4891","7066","6591","7"
"4741","3283","8863","9"
"8911","9535","5626","9"
"1653","8310","9079","1"
"9300","488","5381","6"
"4513","4429","9877","9"
"4490","5088","1011","5"
"5875","7001","1527","8"
"8928","6226","4548","2"
"2099","4430","9448","7"
"4887","2356","412","10"
"9010","7722","2460","6"
"2216","3663","5227","2"
"9961","1590","7381","10"
"2437","2717","4786","3"
"3681","9001","2334","8"
"3756","1564","4520","5"
"3069","2025","4784","6"
"3828","5982","7874","7"
"6691","4452","3944","5"
"5038","4520","6596","1"
"6724","9090","8756","2"
"2613","1641","4117","4"
"2382","4728","7251","1"
"5621","4483","293","9"
"5657","7113","3502","6"
"6017","4698","7567","7"
"3646","9318","5422","7"
"1443","2343","5387","1"
"6536","3035","9202","8"
"3323","4417","4339","10"
"8771","2106","4085","3"
"4173","1812","167","10"
"6615","9299","6275","5"
"2614","1990","8359","2"
"9458","6906","9303","8"
"5394","4569","1504","3"
"6419","7120","4786","6"
"885","5262","2379","5"
"3625","8681","1459","9"
"8746","3929","3268","1"
"1505","1051","6087","4"
"8503","8351","2742","6"
"1967","7378","7990","5"
"1535","7844","3827","5"
"9145","2681","5819","3"
"4033","3170","2747","7"
"9292","7753","5663","1"
"7339","3609","4586","2"
"899","9581","5554","3"
"4707","3076","1527","4"
"5576","4599","1563","1"
"3367","5129","712","9"
"7532","4089","5910","4"
"5834","8313","359","10"
"8539","8769","3500","9"
"1576","129","1417","7"
"6270","528","4447","3"
"2390","4808","8806","5"
"2708","9826","9588","5"
"3590","5514","9219","6"
"8273","7991","8075","7"
"4312","6913","4373","7"
"3801","6399","7434","10"
"6257","8808","2446","2"
"726","6994","554","9"
"9682","73","8225","1"
"9868","7539","6040","8"
"6926","6081","9611","9"
"5562","1344","8148","3"
"3987","4923","5223","7"
"1450","5748","6914","6"
"4812","7541","7541","6"
"3789","8145","5493","10"
"1012","9082","7339","2"
"9938","1545","7879","9"
"1790","3907","6503","5"
"2620","4721","2771","4"
"1751","9902","792","8"
"6865","3363","833","6"
"3565","2560","3749","1"
"2943","7441","3742","2"
"5036","6960","7520","3"
"543","1217","240","7"
"5928","5171","3773","4"
"7267","5068","7937","9"
"629","8782","3400","6"
"6994","7599","2573","8"
"2851","8294","7997","5"
"1930","3400","2334","5"
"9826","5253","5479","4"
"1695","810","8213","3"
"2615","7571","5360","9"
"5277","3292","6045","3"
"4387","86","3653","9"
"5622","4846","1600","3"
"6868","9324","7014","1"
"3510","7301","8636","1"
"7437","5349","3842","6"
"3792","5844","537","7"
"6044","9537","3153","6"
"4238","5760","318","9"
"6966","5256","8316","5"
"4745","1374","5150","3"
"7330","8723","1192","8"
"5426","9082","4651","3"
"6291","1656","7604","7"
"102","1046","7579","7"
"9943","1191","8644","8"
"9660","6740","5252","10"
"144","3896","2991","4"
"6618","6106","5294","3"
"6636","6893","6625","6"
"1873","3767","2344","10"
"682","2692","3861","6"
"2338","8008","997","7"
"2464","4183","5654","5"
"3365","2936","4651","2"
"9136","2768","240","4"
"896","5913","5573","1"
"3707","6904","6107","10"
"2558","1080","6802","3"
"3854","4477","4154","6"
"3811","7284","1554","10"
"3377","7820","4788","4"
"8703","5821","7804","2"
"6923","9963","1693","2"
"7283","648","8561","5"
"258","8520","9058","2"
"1165","4244","3129","9"
"1193","4459","4351","3"
"433","8901","5184","8"
"1486","2477","105","2"
"1347","1382","5860","8"
"2997","6501","9739","9"
"8150","6348","5597","4"
"9423","4243","7369","1"
"2568","4050","6518","7"
"4012","5994","2225","3"
"2035","6913","7444","7"
"3313","3571","6141","3"
"6857","520","5389","5"
"3705","2339","1527","3"
"1133","6302","1875","6"
"4855","44","4653","10"
"8455","4095","8675","7"
"1724","816","407","5"
"8796","1033","6212","3"
"5904","5184","1211","5"
"1149","6302","6075","1"
"7220","1721","5679","5"
"4398","974","883","3"
"6306","6586","3068","3"
"334","9785","9486","5"
"3179","2217","3227","2"
"3561","2874","9807","8"
"3253","999","4937","5"
"911","1604","7124","5"
"7149","8741","5707","2"
"4092","780","7215","7"
"4337","7660","9146","9"
"7067","8624","3410","9"
"2884","6123","3255","9"
"4415","4809","9862","7"
"597","6258","9444","9"
"1639","1712","2405","9"
"63","2571","1813","6"
"7558","707","8789","10"
"6380","5535","163","5"
"8914","6906","6991","8"
"3240","8300","7047","5"
"1186","9956","2616","9"
"1778","1733","2183","5"
"2179","8884","8072","9"
"8741","8146","7318","1"
"1567","9423","2863","6"
"6223","2738","1717","7"
"955","5592","2589","7"
"5121","738","6551","2"
"1464","5367","1174","3"
"1422","6200","1777","2"
"7602","1984","1972","7"
"5934","6212","1931","6"
"21","4041","6453","5"
"7722","6326","8367","9"
"1579","5618","87","2"
"6871","7400","8031","7"
"8488","6182","6742","9"
"1807","6757","9868","6"
"5376","6930","3407","7"
"2011","453","9439","7"
"1649","3835","8663","5"
"8200","3018","9508","8"
"8650","3182","9339","9"
"7477","4863","873","6"
"830","7989","1087","3"
"4207","9200","2734","3"
"4473","5516","3739","3"
"7792","8201","3592","4"
"8500","4957","9119","5"
"7696","9119","5632","4"
"5042","5702","7352","6"
"3818","1153","2225","5"
"7944","8188","1693","8"
"7553","6560","3289","5"
"7014","798","6354","3"
"5067","3896","4623","8"
"4711","5269","2684","3"
"1164","857","412","10"
"2921","5600","9740","1"
"9946","1996","9419","4"
"67","200","2662","7"
"3897","7308","7586","9"
"5110","5013","2616","10"
"2349","312","8256","8"
"571","864","2420","6"
"4453","7924","3039","1"
"7271","3044","7261","2"
"6739","2389","2054","9"
"215","5552","9740","7"
"388","4199","4643","6"
"9510","457","7535","9"
"4548","4750","9630","4"
"8074","1073","4187","7"
"5746","1706","8519","1"
"5280","9226","9709","3"
"6708","2969","2090","2"
"6616","4837","389","9"
"6354","1287","139","10"
"6110","3635","5659","10"
"2451","3788","5858","7"
"1792","8895","1552","9"
"3673","3214","6167","7"
"8536","6525","7804","7"
"7616","917","3903","10"
"2373","3880","4365","10"
"3402","9443","7810","8"
"5384","475","9636","7"
"2090","2587","2728","3"
"7330","2068","4886","9"
"4233","3581","4389","2"
"3265","7991","2587","9"
"3544","1248","8435","9"
"2477","9406","6355","5"
"5996","4323","4384","8"
"4617","4366","1264","8"
"7993","7064","8870","10"
"9839","8324","157","2"
"651","6034","1550","3"
"9064","6726","9982","2"
"6496","5676","5052","10"
"201","4791","5508","6"
"1899","1920","9092","3"
"4913","2301","5823","3"
"1701","3202","2420","10"
"2398","6290","3946","8"
"4779","1050","2770","5"
"2021","2263","6518","2"
"7209","6092","2138","2"
"808","5959","352","9"
"4463","2040","8270","10"
"490","9792","3542","9"
"710","9663","2042","10"
"9679","5406","4921","1"
"8815","5901","209","6"
"8175","3119","4603","4"
"6478","1687","352","8"
"452","1176","8606","8"
"1825","5934","2153","7"
"6603","5552","5647","1"
"2568","7778","9806","5"
"5679","2092","9043","9"
"2585","1055","8362","9"
"6066","8823","5918","1"
"1281","1293","2162","4"
"64","7909","3346","6"
"9942","9525","3555","8"
"5960","4545","4190","5"
"7449","6380","3779","5"
"3918","7223","4948","4"
"922","4886","2529","6"
"6029","1528","7768","1"
"7117","4464","4651","9"
"6819","825","2945","10"
"8205","8172","4264","1"
"2829","7818","7738","10"
"3415","3889","209","10"
"7502","9867","2209","8"
"272","7133","2916","3"
"8443","113","8148","10"
"1303","2400","9993","3"
"3123","4571","4435","2"
"4670","2471","1797","7"
"3663","4651","4250","10"
"2084","6230","6680","7"
"7940","3163","4739","9"
"3019","4466","3946","2"
"8130","3544","845","3"
"8614","2648","2843","3"
"2924","1607","5184","2"
"9519","4773","4784","9"
"7839","5622","3691","2"
"4915","3560","2707","6"
"2379","1773","3577","5"
"2937","6118","6141","6"
"3124","3254","2859","2"
"2558","9761","3557","7"
"6735","1639","3826","7"
"592","6143","3430","4"
"9918","7209","4260","1"
"7796","5507","2571","9"
"1826","8072","9598","4"
"7628","547","6971","9"
"606","9000","3068","4"
"2675","8309","4957","4"
"5726","1617","1401","3"
"1642","5485","7949","6"
"7419","7017","1310","4"
"7997","4515","9852","2"
"7063","3376","8994","9"
"2336","9819","167","5"
"1475","8369","2279","6"
"5100","6777","2156","7"
"3951","3592","9085","6"
"6259","64","8994","2"
"9364","5796","1775","9"
"1205","9359","7350","4"
"1681","2059","5982","10"
"9240","1140","9519","7"
"4278","362","2768","1"
"6838","2210","6765","8"
"9813","7113","3153","10"
"9354","2559","4597","4"
"4175","1273","9868","10"
"5137","6370","3549","2"
"426","9275","3739","5"
"4329","1312","1407","6"
"5814","59","8154","6"
"7425","3809","5980","5"
"7933","1376","5389","5"
"5301","4828","5416","6"
"7249","3209","9636","6"
"4525","2957","7850","4"
"8199","1594","1833","7"
"1729","5418","3746","1"
"8757","9067","177","3"
"619","7398","3262","1"
"5850","9740","5215","3"
"2111","7010","7283","1"
"4023","4892","8172","3"
"5693","7556","3145","1"
"8637","4191","774","6"
"1526","1496","2671","5"
"1127","9898","1338","10"
"9275","8646","3663","8"
"6696","467","1908","10"
"5941","2140","2172","4"
"3231","2780","1580","6"
"4876","4445","9993","1"
"1468","255","4202","9"
"7317","4872","8213","4"
"5281","5454","2467","1"
"259","3302","357","6"
"3375","8624","5479","1"
"9076","3901","542","2"
"8205","4225","8315","6"
"6363","9125","3555","6"
"6175","4068","738","7"
"6553","2351","1552","2"
"8332","1383","9014","6"
"4085","6650","5114","9"
"1834","1155","177","1"
"8268","644","4863","8"
"6985","8715","5803","8"
"6542","368","1750","9"
"8348","4283","5894","9"
"4559","4553","7951","8"
"2116","4893","2707","3"
"8125","5625","9226","2"
"7886","7579","2067","4"
"8790","8969","1670","1"
"8256","7963","2697","3"
"4594","4424","538","7"
"2477","9285","6257","10"
"8733","5824","1902","9"
"8220","3803","412","10"
"7711","8021","4399","2"
"5401","2282","2371","3"
"3522","815","4642","1"
"3073","9472","5910","8"
"1737","9505","8918","6"
"4235","8837","6551","7"
"6424","385","7579","8"
"7447","3132","3416","4"
"6764","4939","1813","1"
"9612","6682","1957","9"
"5812","2203","4399","2"
"5715","585","1230","8"
"6623","2904","2536","8"
"3524","3660","8010","4"
"7286","9560","3597","6"
"2170","6228","9364","6"
"1986","9037","5079","1"
"9978","6783","8465","6"
"8530","7155","7937","2"
"2408","8646","9415","2"
"1969","587","2087","8"
"870","8844","6451","7"
"5510","3776","163","4"
"1456","7227","4275","6"
"4965","792","8663","2"
"2041","8993","9479","2"
"2182","8177","7224","7"
"8792","6148","7439","5"
"5521","9864","7265","1"
"802","3120","4089","10"
"225","8381","8644","5"
"8973","4335","2671","4"
"1594","9645","1768","5"
"7068","2033","8474","6"
"1100","7195","2638","8"
"4778","9391","2347","3"
"3147","3285","1046","4"
"273","926","6513","5"
"4838","5096","5951","10"
"6619","3502","8916","7"
"3395","9682","3469","6"
"7991","771","4860","6"
"2202","2287","9651","4"
"6561","5898","5339","4"
"2207","9050","3829","7"
"4942","8024","2916","4"
"9395","2280","6721","5"
"110","4978","1926","10"
"3411","2723","9496","8"
"1956","2770","5252","5"
"6473","1354","5408","3"
"5985","8056","2220","10"
"2905","2546","4186","7"
"5967","9219","3039","3"
"6612","9783","9092","5"
"3136","6790","5205","5"
"2935","5914","7367","9"
"6184","7553","3228","8"
"7128","3594","5358","5"
"1611","2209","190","1"
"3696","4459","8645","6"
"9727","6386","1726","2"
"1120","8188","3000","6"
"8334","359","4205","8"
"248","1941","1371","10"
"9633","6154","8213","9"
"2058","4286","8854","1"
"2363","1960","2228","5"
"3867","1472","6362","8"
"4117","4926","6977","5"
"5089","6189","1546","8"
"8194","3457","4042","9"
"3073","8376","7810","2"
"4736","3310","5339","5"
"5234","826","4539","3"
"2424","1349","3366","2"
"9586","1478","5775","10"
"6140","3497","6639","8"
"3677","5796","1354","10"
"8905","7884","8223","4"
"1846","3658","6261","1"
"8800","14","7997","4"
"8567","6568","4440","6"
"1192","878","8359","6"
"3202","4286","9475","7"
"4082","2361","4419","6"
"9221","3312","6593","7"
"6967","5744","2987","3"
"2046","3273","8485","4"
"8160","8939","5860","10"
"6842","8469","9419","9"
"398","936","2699","5"
"7051","2152","1496","8"
"8223","9323","4154","6"
"6703","2803","6221","9"
"8308","1252","8549","8"
"5759","938","3265","8"
"9652","4231","1182","2"
"7959","27","7067","8"
"5700","3840","3039","8"
"5491","9491","4911","1"
"2277","9141","6453","4"
"714","9881","7532","2"
"4910","4381","5259","1"
"7020","5454","3750","1"
"1641","4119","969","1"
"8096","6996","3542","8"
"5202","6173","4755","2"
"3891","5824","8919","9"
"5894","3476","5665","5"
"970","3816","2475","5"
"1666","2468","707","1"
"6562","1851","2334","3"
"9970","7642","6368","3"
"9671","9132","4839","8"
"9253","0","132","6"
"9315","7707","246","5"
"806","1924","9154","3"
"7324","9855","3524","7"
"6742","4921","3779","4"
"3682","8314","4186","6"
"2890","9811","8905","9"
"8582","765","9898","10"
"498","7734","3092","4"
"2103","8270","704","6"
"2786","278","5631","9"
"45","1536","9542","9"
"2581","4780","8759","9"
"9944","913","663","4"
"3149","152","1823","3"
"2300","5273","5663","10"
"2199","8976","3502","2"
"7377","2044","9677","6"
"2924","5685","5647","2"
"9189","2620","8173","2"
"5332","1429","6588","1"
"3684","4325","8110","1"
"5270","7378","6040","4"
"3310","7765","5487","2"
"990","3096","76","7"
"7083","6870","1214","1"
"2763","2227","1931","6"
"7360","6615","4354","1"
"4860","8461","6395","9"
"5065","5200","8898","10"
"3890","1205","5036","2"
"3061","7670","3542","7"
"3200","7740","9993","8"
"7158","5765","3500","6"
"2816","7697","4155","8"
"8464","1955","3487","6"
"3426","7207","5161","4"
"5545","6431","3069","9"
"9692","4252","8797","7"
"6926","9093","278","1"
"7412","3749","5048","6"
"4533","9643","7002","1"
"6715","3726","4860","7"
"0","322","5928","7"
"7515","6465","2843","1"
"8363","9341","4689","4"
"8863","4435","1691","9"
"3614","1450","2726","1"
"2933","5946","3749","6"
"1591","3233","8644","2"
"1903","1993","4597","4"
"897","1955","7445","7"
"2936","2976","3877","10"
"4289","5650","8973","7"
"5033","5925","6453","5"
"4145","7121","7033","9"
"144","5551","4003","6"
"8632","1252","801","5"
"4893","7843","5324","7"
"9627","2636","3430","4"
"2534","474","3883","7"
"8533","6021","5230","6"
"757","9598","5863","6"
"3920","8668","3745","6"
"3684","2594","5315","9"
"4945","4599","8476","3"
"9496","5142","1076","4"
"2601","7152","5048","3"
"8563","4489","1546","1"
"597","1652","8759","2"
"171","6602","8355","9"
"6588","8125","7657","3"
"8046","4063","3068","8"
"3798","3559","4045","3"
"8041","8609","5479","10"
"7214","969","340","2"
"567","8658","3481","8"
"858","8381","6226","8"
"9043","6681","9877","4"
"563","3134","1121","5"
"3001","5933","7617","5"
"6813","7611","2820","1"
"3352","5234","6257","4"
"5111","6239","357","4"
"740","6646","8251","6"
"4406","5610","6982","1"
"2047","5467","8682","6"
"1106","5404","7667","1"
"7858","1434","6212","3"
"8636","7843","1135","5"
"6480","2541","1921","7"
"6643","8784","1879","5"
"5433","2938","4620","3"
"8405","5392","5659","8"
"4154","2389","6261","10"
"8799","1623","6860","9"
"106","2080","8124","6"
"6011","7874","8234","10"
"1224","4438","7579","5"
"2064","2547","1978","6"
"5331","7892","6680","6"
"2015","1312","2734","10"
"2996","8608","3541","8"
"3675","5329","6133","10"
"7155","3368","3371","8"
"4898","7657","6","10"
"1310","2034","3934","2"
"1965","8514","9862","9"
"9939","8420","9162","2"
"163","4524","8885","4"
"5471","259","9132","4"
"498","8651","6421","5"
"9943","4063","9522","5"
"6729","4670","7993","8"
"5676","5417","3555","7"
"9663","7293","2921","7"
"8663","3828","8013","10"
"619","4069","7921","6"
"4104","6746","1224","10"
"4911","7577","8824","6"
"1394","3625","8776","9"
"8703","4568","8366","1"
"2986","561","7858","5"
"204","5193","8589","6"
"9266","1728","8815","6"
"1242","1089","9165","8"
"8848","3350","280","10"
"2087","5693","475","4"
"7579","7719","9448","9"
"6185","9183","5246","6"
"2999","5079","9679","2"
"9572","809","9906","10"
"9712","1512","5332","5"
"7361","8358","81","5"
"4767","5331","4035","9"
"327","1265","9647","2"
"5500","7414","2087","3"
"7221","3923","2460","2"
"1595","9370","7997","9"
"7020","1062","8973","3"
"5895","4445","4373","5"
"5526","7970","333","4"
"4561","7632","1444","10"
"7772","8029","2791","4"
"4824","7423","7385","3"
"8665","7775","809","3"
"3605","5339","1701","2"
"6984","5441","278","7"
"8994","6179","7439","9"
"910","3271","8110","1"
"7088","9379","6611","10"
"6084","3325","2770","9"
"9143","8915","4260","5"
"5654","1469","2908","5"
"2298","987","9772","9"
"7387","7751","9269","4"
"10","8878","7865","1"
"1400","5466","5665","5"
"817","811","5775","1"
"5641","91","8029","5"
"2434","2990","3469","4"
"9869","1268","8824","1"
"1587","9068","9898","1"
"9288","2468","3469","2"
"7569","3444","7574","4"
"1800","4635","2505","4"
"8066","5330","248","9"
"8164","4960","6050","5"
"9524","2668","4935","7"
"1245","3221","1191","5"
"1470","3722","5324","5"
"5462","8615","4228","7"
"133","5424","1076","4"
"9426","6971","8010","3"
"6436","9618","2782","2"
"1120","2562","8247","3"
"6455","5501","8759","3"
"7166","4376","5817","3"
"9262","4141","5806","8"
"7749","1307","3272","6"
"3176","7759","2707","7"
"9287","4808","7321","6"
"1710","1353","9486","8"
"4207","7545","8534","9"
"4646","6495","7874","5"
"4656","7455","7811","10"
"7056","4065","3666","4"
"4441","6251","4311","7"
"3651","6250","4533","9"
"4412","7424","3877","8"
"3464","4886","5679","3"
"2763","9391","9588","4"
"6996","4042","2955","10"
"2645","2780","8478","3"
"4800","5991","3967","1"
"8107","3061","609","3"
"8127","9716","8355","4"
"4232","4343","2594","3"
"6632","5372","9099","2"
"1724","1733","8233","4"
"8896","836","6267","9"
"6590","5891","3696","2"
"126","8212","3923","3"
"8399","5798","6563","10"
"6340","8976","5523","3"
"4109","774","5833","3"
"3921","4073","451","9"
"7165","7034","4440","3"
"1876","6094","1815","8"
"4360","2969","6146","3"
"4061","2492","3555","6"
"6634","3453","6371","6"
"2170","698","1703","4"
"7946","216","909","3"
"5382","5547","6769","5"
"4625","7319","6950","1"
"2724","7061","1597","7"
"3890","8059","8428","6"
"2323","3284","7209","7"
"8180","2750","4843","1"
"3791","389","4292","2"
"6705","6337","1902","9"
"9086","5137","1823","9"
"427","3334","8903","7"
"3593","9901","6089","5"
"3120","2134","86","6"
"8398","5440","71","1"
"3501","9769","1496","8"
"7763","263","4035","2"
"5097","5625","1049","9"
"6064","6867","8591","1"
"4895","5537","6971","7"
"3501","1857","7763","8"
"4189","8649","1528","10"
"8984","6512","5493","1"
"3212","8697","4214","7"
"9393","9520","6055","2"
"6246","7255","2054","7"
"5715","188","8529","1"
"9347","3588","7958","4"
"4218","4498","4597","5"
"6358","6781","3739","9"
"9868","1373","8665","9"
"5149","5818","3663","9"
"9701","7796","8885","8"
"6932","8352","809","6"
"200","3458","5761","5"
"1719","3254","7745","7"
"990","7164","353","6"
"6728","3297","4309","8"
"4754","1593","2689","9"
"3685","7360","8606","4"
"9720","3446","3683","5"
"8236","6071","3926","10"
"5217","9419","7040","10"
"1005","2151","1727","3"
"2839","3977","7924","7"
"239","663","8181","5"
"3692","6289","3679","2"
"2925","9700","2434","2"
"7298","1408","5364","7"
"9554","8779","3455","3"
"3405","7546","1611","6"
"2683","1331","7254","5"
"1928","2062","1439","9"
"6116","4227","8549","2"
"7396","7895","8519","3"
"3200","3716","3080","4"
"6791","267","665","9"
